,Acquisitions,Explore,Inactive,Raise,Search,Investments,Acquisition Rate,Failure Rate,Still Searching
'Irv Grousbeck',1.0,0.0,0.0,0.0,0.0,1.0,1.0,0.0,0.0
'Rob Johnson ',12.0,0.0,2.0,0.0,7.0,21.0,0.5714285714285714,0.09523809523809523,0.3333333333333333
'Bill Egan ',75.0,0.0,16.0,0.0,33.0,124.0,0.6048387096774194,0.12903225806451613,0.2661290322580645
 'Mark Egan ',34.0,0.0,7.0,0.0,26.0,67.0,0.5074626865671642,0.1044776119402985,0.3880597014925373
 'Jim Southern',74.0,0.0,18.0,0.0,24.0,116.0,0.6379310344827587,0.15517241379310345,0.20689655172413793
'Will Thorndike',106.0,2.0,23.0,1.0,54.0,186.0,0.5698924731182796,0.12365591397849462,0.3064516129032258
'Jim Southern',100.0,0.0,22.0,0.0,31.0,153.0,0.6535947712418301,0.1437908496732026,0.20261437908496732
'Jeff Stevens',94.0,0.0,30.0,2.0,37.0,163.0,0.5766871165644172,0.18404907975460122,0.2392638036809816
 'Ashley Giesler',94.0,0.0,30.0,2.0,36.0,162.0,0.5802469135802469,0.18518518518518517,0.2345679012345679
 'Michael De Anda ',8.0,0.0,2.0,0.0,0.0,10.0,0.8,0.2,0.0
" ""MK O'Connell""",35.0,0.0,6.0,0.0,14.0,55.0,0.6363636363636364,0.10909090909090909,0.2545454545454545
" ""Michael F O'Connell""",49.0,0.0,11.0,0.0,10.0,70.0,0.7,0.15714285714285714,0.14285714285714285
 'Bill Egan ',71.0,0.0,15.0,0.0,33.0,119.0,0.5966386554621849,0.12605042016806722,0.2773109243697479
'Howard Stevenson ',20.0,0.0,5.0,0.0,1.0,26.0,0.7692307692307693,0.19230769230769232,0.038461538461538464
 'Craig Burr ',44.0,0.0,5.0,0.0,13.0,62.0,0.7096774193548387,0.08064516129032258,0.20967741935483872
'Rob Marks ',1.0,0.0,0.0,0.0,0.0,1.0,1.0,0.0,0.0
 'David Niemiec ',1.0,0.0,0.0,0.0,0.0,1.0,1.0,0.0,0.0
 'Rick Stratford',1.0,0.0,0.0,0.0,0.0,1.0,1.0,0.0,0.0
'Craig Burr ',50.0,0.0,8.0,0.0,13.0,71.0,0.704225352112676,0.11267605633802817,0.18309859154929578
 'John Gaylord ',1.0,0.0,0.0,0.0,0.0,1.0,1.0,0.0,0.0
 'Linc Holland ',1.0,0.0,0.0,0.0,0.0,1.0,1.0,0.0,0.0
 'Greg Kaufman ',1.0,0.0,0.0,0.0,0.0,1.0,1.0,0.0,0.0
 'Carl Martignetti ',1.0,0.0,0.0,0.0,0.0,1.0,1.0,0.0,0.0
 'David Morrison ',1.0,0.0,0.0,0.0,0.0,1.0,1.0,0.0,0.0
 'Adrian Slywotzky ',1.0,0.0,0.0,0.0,0.0,1.0,1.0,0.0,0.0
 'Tim Solso ',1.0,0.0,0.0,0.0,0.0,1.0,1.0,0.0,0.0
 'Al Weatherhead ',1.0,0.0,0.0,0.0,0.0,1.0,1.0,0.0,0.0
 'Jonathan West ',1.0,0.0,0.0,0.0,0.0,1.0,1.0,0.0,0.0
 'Steven Wheelwright',15.0,0.0,1.0,0.0,0.0,16.0,0.9375,0.0625,0.0
'Elaine Boxer ',1.0,0.0,0.0,0.0,0.0,1.0,1.0,0.0,0.0
 'Hiroshi Mikitani ',1.0,0.0,0.0,0.0,0.0,1.0,1.0,0.0,0.0
 'Howard Stevenson ',19.0,0.0,5.0,0.0,1.0,25.0,0.76,0.2,0.04
'Tom Cassutt',70.0,0.0,14.0,0.0,20.0,104.0,0.6730769230769231,0.1346153846153846,0.19230769230769232
 'David Lazier',70.0,0.0,13.0,0.0,17.0,100.0,0.7,0.13,0.17
'Andy Dale',3.0,0.0,0.0,0.0,1.0,4.0,0.75,0.0,0.25
 'Daniel Campbell',2.0,0.0,0.0,0.0,0.0,2.0,1.0,0.0,0.0
 'J.T. Fitzgerald',21.0,1.0,6.0,0.0,13.0,41.0,0.5121951219512195,0.14634146341463414,0.34146341463414637
'Jim Sharpe',18.0,0.0,5.0,0.0,4.0,27.0,0.6666666666666666,0.18518518518518517,0.14814814814814814
 'Larry Lepard',3.0,0.0,0.0,0.0,0.0,3.0,1.0,0.0,0.0
'Aaron Gabbart',32.0,0.0,8.0,0.0,3.0,43.0,0.7441860465116279,0.18604651162790697,0.06976744186046512
 'Joel Peterson',32.0,0.0,2.0,0.0,16.0,50.0,0.64,0.04,0.32
 'Will Thorndike',91.0,2.0,22.0,1.0,48.0,164.0,0.5548780487804879,0.13414634146341464,0.31097560975609756
 'Coley Andrews',84.0,0.0,17.0,1.0,31.0,133.0,0.631578947368421,0.12781954887218044,0.24060150375939848
 'David Carver',100.0,1.0,16.0,1.0,31.0,149.0,0.6711409395973155,0.10738255033557047,0.2214765100671141
 'Jim Edmunds',101.0,1.0,16.0,1.0,49.0,168.0,0.6011904761904762,0.09523809523809523,0.30357142857142855
 'Rich Kelley',93.0,1.0,15.0,1.0,46.0,156.0,0.5961538461538461,0.09615384615384616,0.3076923076923077
 'Todd Tracey',42.0,1.0,5.0,1.0,44.0,93.0,0.45161290322580644,0.053763440860215055,0.4946236559139785
'Cristbal Lira ',1.0,0.0,0.0,0.0,0.0,1.0,1.0,0.0,0.0
 'Guillermo Agero ',1.0,0.0,0.0,0.0,0.0,1.0,1.0,0.0,0.0
 'Sergio Gutirrez ',1.0,0.0,0.0,0.0,0.0,1.0,1.0,0.0,0.0
 'Luis Chadwick ',1.0,0.0,0.0,0.0,0.0,1.0,1.0,0.0,0.0
'Chris Carter ',1.0,0.0,0.0,0.0,0.0,1.0,1.0,0.0,0.0
" ""John O'Connell""",1.0,0.0,0.0,0.0,1.0,2.0,0.5,0.0,0.5
 'Neil Russell Foster ',1.0,0.0,0.0,0.0,0.0,1.0,1.0,0.0,0.0
 'Debbie Ivy ',1.0,0.0,0.0,0.0,0.0,1.0,1.0,0.0,0.0
 'Bill Reid ',1.0,0.0,0.0,0.0,0.0,1.0,1.0,0.0,0.0
 'Todd Sandoz ',7.0,0.0,1.0,0.0,1.0,9.0,0.7777777777777778,0.1111111111111111,0.1111111111111111
 'Paul Huber ',1.0,0.0,0.0,0.0,0.0,1.0,1.0,0.0,0.0
 'Jerry Ivy ',1.0,0.0,0.0,0.0,0.0,1.0,1.0,0.0,0.0
 'Jeffrey David Jordan ',1.0,0.0,0.0,0.0,0.0,1.0,1.0,0.0,0.0
'Stephen Bent ',1.0,0.0,0.0,0.0,0.0,1.0,1.0,0.0,0.0
 'Nicholas Brady ',1.0,0.0,0.0,0.0,0.0,1.0,1.0,0.0,0.0
 'Russell Fisher ',2.0,0.0,0.0,0.0,0.0,2.0,1.0,0.0,0.0
 'William Hunter ',1.0,0.0,0.0,0.0,0.0,1.0,1.0,0.0,0.0
 'Thomas Sturges ',1.0,0.0,0.0,0.0,0.0,1.0,1.0,0.0,0.0
'Harold Mottet',14.0,0.0,0.0,0.0,2.0,16.0,0.875,0.0,0.125
"""Michael F O'Connell""",52.0,0.0,11.0,0.0,11.0,74.0,0.7027027027027027,0.14864864864864866,0.14864864864864866
 'Owen Colligan ',2.0,0.0,0.0,0.0,0.0,2.0,1.0,0.0,0.0
 'Brett Keith ',2.0,0.0,0.0,0.0,0.0,2.0,1.0,0.0,0.0
 'Das Narayandas ',2.0,0.0,0.0,0.0,0.0,2.0,1.0,0.0,0.0
 'Brad Brown',39.0,0.0,4.0,0.0,29.0,72.0,0.5416666666666666,0.05555555555555555,0.4027777777777778
 'John Chendo',1.0,0.0,0.0,0.0,0.0,1.0,1.0,0.0,0.0
'Trevor Loy ',1.0,0.0,0.0,0.0,0.0,1.0,1.0,0.0,0.0
 'Dirk McDermott ',1.0,0.0,0.0,0.0,0.0,1.0,1.0,0.0,0.0
 'Tommy Beman ',1.0,0.0,0.0,0.0,0.0,1.0,1.0,0.0,0.0
 'Tom DeLong ',1.0,0.0,0.0,0.0,0.0,1.0,1.0,0.0,0.0
 'James Greene ',1.0,0.0,0.0,0.0,0.0,1.0,1.0,0.0,0.0
 'Joe Patton ',1.0,0.0,0.0,0.0,0.0,1.0,1.0,0.0,0.0
 'Harry Augur ',1.0,0.0,0.0,0.0,0.0,1.0,1.0,0.0,0.0
 'Robert Bowman ',1.0,0.0,0.0,0.0,0.0,1.0,1.0,0.0,0.0
 'Bob Carton ',1.0,0.0,0.0,0.0,0.0,1.0,1.0,0.0,0.0
 'William Leachman ',1.0,0.0,0.0,0.0,0.0,1.0,1.0,0.0,0.0
 'Leonardo Simpser',1.0,0.0,0.0,0.0,0.0,1.0,1.0,0.0,0.0
'David Carver',106.0,1.0,17.0,1.0,33.0,158.0,0.6708860759493671,0.10759493670886076,0.22151898734177214
 'Paul Davies',57.0,0.0,19.0,0.0,19.0,95.0,0.6,0.2,0.2
'Scott Asen',28.0,0.0,10.0,0.0,12.0,50.0,0.56,0.2,0.24
 'David Frankel ',1.0,0.0,0.0,0.0,0.0,1.0,1.0,0.0,0.0
 'Richard Ivey ',1.0,0.0,0.0,0.0,0.0,1.0,1.0,0.0,0.0
 'Bill Young ',1.0,0.0,0.0,0.0,0.0,1.0,1.0,0.0,0.0
 'David Young ',1.0,0.0,0.0,0.0,0.0,1.0,1.0,0.0,0.0
 'Grant Gund',3.0,0.0,1.0,0.0,0.0,4.0,0.75,0.25,0.0
 'Ralph Vogel',1.0,0.0,0.0,0.0,0.0,1.0,1.0,0.0,0.0
 'Zack Gund ',2.0,0.0,1.0,0.0,0.0,3.0,0.6666666666666666,0.3333333333333333,0.0
'Karl Krieger ',1.0,0.0,0.0,0.0,0.0,1.0,1.0,0.0,0.0
 'Dale Buckwalter ',1.0,0.0,0.0,0.0,0.0,1.0,1.0,0.0,0.0
 'Ed Anderson ',1.0,0.0,0.0,0.0,0.0,1.0,1.0,0.0,0.0
 'Eric Close ',1.0,0.0,0.0,0.0,0.0,1.0,1.0,0.0,0.0
 'Yves Carreau ',1.0,0.0,0.0,0.0,0.0,1.0,1.0,0.0,0.0
" ""Dave D'Appolonia """,1.0,0.0,0.0,0.0,0.0,1.0,1.0,0.0,0.0
 'Chris Farls ',1.0,0.0,0.0,0.0,0.0,1.0,1.0,0.0,0.0
 'Matt Levy ',1.0,0.0,0.0,0.0,0.0,1.0,1.0,0.0,0.0
 'Lhormer ',1.0,0.0,0.0,0.0,0.0,1.0,1.0,0.0,0.0
 'Dan Lynch ',1.0,0.0,0.0,0.0,0.0,1.0,1.0,0.0,0.0
 'Hal Mendlowitz ',1.0,0.0,0.0,0.0,0.0,1.0,1.0,0.0,0.0
 'Patrick Mercier ',1.0,0.0,0.0,0.0,0.0,1.0,1.0,0.0,0.0
 'Scott Wolford ',1.0,0.0,0.0,0.0,0.0,1.0,1.0,0.0,0.0
 'Tom Cassutt',59.0,0.0,11.0,0.0,18.0,88.0,0.6704545454545454,0.125,0.20454545454545456
 'James Braun ',1.0,0.0,0.0,0.0,0.0,1.0,1.0,0.0,0.0
 'Nabil El-Hage ',1.0,0.0,0.0,0.0,0.0,1.0,1.0,0.0,0.0
 'Jeffrey Evans ',1.0,0.0,0.0,0.0,0.0,1.0,1.0,0.0,0.0
 'James Freedman ',1.0,0.0,0.0,0.0,0.0,1.0,1.0,0.0,0.0
 'Andreas Graham ',1.0,0.0,0.0,0.0,0.0,1.0,1.0,0.0,0.0
 'James Higgins ',1.0,0.0,0.0,0.0,0.0,1.0,1.0,0.0,0.0
 'Arnaud Karsenti ',1.0,0.0,0.0,0.0,0.0,1.0,1.0,0.0,0.0
" ""Paul O'Leary """,1.0,0.0,0.0,0.0,0.0,1.0,1.0,0.0,0.0
 'Michael Rosenberg ',1.0,0.0,0.0,0.0,0.0,1.0,1.0,0.0,0.0
 'Rafael Somoza',34.0,1.0,2.0,0.0,9.0,46.0,0.7391304347826086,0.043478260869565216,0.21739130434782608
 'Jos Stella',35.0,1.0,2.0,0.0,9.0,47.0,0.7446808510638298,0.0425531914893617,0.2127659574468085
 'Jim Wilder',14.0,0.0,3.0,0.0,3.0,20.0,0.7,0.15,0.15
 'John Buttrick ',1.0,0.0,0.0,0.0,0.0,1.0,1.0,0.0,0.0
 'Phil Calian ',1.0,0.0,0.0,0.0,0.0,1.0,1.0,0.0,0.0
 'Stephen Clearman',9.0,0.0,4.0,0.0,11.0,24.0,0.375,0.16666666666666666,0.4583333333333333
 'William Cohan',3.0,0.0,0.0,0.0,0.0,3.0,1.0,0.0,0.0
 'Timothy Dunley ',1.0,0.0,0.0,0.0,0.0,1.0,1.0,0.0,0.0
 'David Gabrieli ',1.0,0.0,0.0,0.0,0.0,1.0,1.0,0.0,0.0
 'Richard Vines ',1.0,0.0,0.0,0.0,0.0,1.0,1.0,0.0,0.0
 'Howard Philip Welt ',1.0,0.0,0.0,0.0,0.0,1.0,1.0,0.0,0.0
 'Steve Brown ',1.0,0.0,0.0,0.0,0.0,1.0,1.0,0.0,0.0
 'Jeff Goettman ',1.0,0.0,0.0,0.0,0.0,1.0,1.0,0.0,0.0
 'Paul Furlow',4.0,0.0,1.0,0.0,0.0,5.0,0.8,0.2,0.0
 'Chris Nassetta ',1.0,0.0,0.0,0.0,0.0,1.0,1.0,0.0,0.0
 'Jim Risoleo ',1.0,0.0,0.0,0.0,0.0,1.0,1.0,0.0,0.0
 'Bob Oster ',12.0,0.0,8.0,0.0,0.0,20.0,0.6,0.4,0.0
 'Kent Weaver',92.0,2.0,20.0,0.0,54.0,168.0,0.5476190476190477,0.11904761904761904,0.3333333333333333
 'Steve Lanter ',1.0,0.0,0.0,0.0,0.0,1.0,1.0,0.0,0.0
 'Martin Cagan ',1.0,0.0,0.0,0.0,0.0,1.0,1.0,0.0,0.0
 'Mike Cantonis ',1.0,0.0,0.0,0.0,0.0,1.0,1.0,0.0,0.0
 'Chris Clevenger ',1.0,0.0,0.0,0.0,0.0,1.0,1.0,0.0,0.0
 'Jay Kern ',2.0,0.0,1.0,0.0,0.0,3.0,0.6666666666666666,0.3333333333333333,0.0
 'Robert Dahl ',25.0,0.0,7.0,0.0,6.0,38.0,0.6578947368421053,0.18421052631578946,0.15789473684210525
 'Scott Grossman ',1.0,0.0,0.0,0.0,0.0,1.0,1.0,0.0,0.0
 'Daniel Henn ',2.0,0.0,0.0,0.0,2.0,4.0,0.5,0.0,0.5
 'Michael Aubrey ',3.0,0.0,0.0,0.0,1.0,4.0,0.75,0.0,0.25
 'Doug McCormick ',1.0,0.0,0.0,0.0,0.0,1.0,1.0,0.0,0.0
'Ralph Vogel',2.0,0.0,0.0,0.0,0.0,2.0,1.0,0.0,0.0
 'Joe Niehaus',45.0,0.0,11.0,0.0,17.0,73.0,0.6164383561643836,0.1506849315068493,0.2328767123287671
 'Rene Lajous',57.0,0.0,18.0,0.0,18.0,93.0,0.6129032258064516,0.1935483870967742,0.1935483870967742
 'Chris Sekula',35.0,0.0,13.0,0.0,3.0,51.0,0.6862745098039216,0.2549019607843137,0.058823529411764705
 'David Dodson',64.0,1.0,18.0,0.0,37.0,120.0,0.5333333333333333,0.15,0.31666666666666665
 'John Kephart ',1.0,0.0,0.0,0.0,0.0,1.0,1.0,0.0,0.0
 'Scott Asen',23.0,0.0,9.0,0.0,11.0,43.0,0.5348837209302325,0.20930232558139536,0.2558139534883721
'Todd MacLean ',1.0,0.0,0.0,0.0,0.0,1.0,1.0,0.0,0.0
 'Morgan Livermore ',1.0,0.0,0.0,0.0,0.0,1.0,1.0,0.0,0.0
 'Quadrant Capital Advisors ',1.0,0.0,0.0,0.0,0.0,1.0,1.0,0.0,0.0
 'Aaron Gabbart',24.0,0.0,8.0,0.0,3.0,35.0,0.6857142857142857,0.22857142857142856,0.08571428571428572
'Tim Ludwig',40.0,0.0,9.0,0.0,4.0,53.0,0.7547169811320755,0.16981132075471697,0.07547169811320754
'Robert Anderson ',1.0,0.0,0.0,0.0,0.0,1.0,1.0,0.0,0.0
 'Jaime Irick ',1.0,0.0,0.0,0.0,0.0,1.0,1.0,0.0,0.0
'Bertram Scott ',1.0,0.0,1.0,0.0,0.0,2.0,0.5,0.5,0.0
 'Earl F.Hilliard ',1.0,0.0,1.0,0.0,0.0,2.0,0.5,0.5,0.0
 'Brian Holland ',1.0,0.0,1.0,0.0,0.0,2.0,0.5,0.5,0.0
 'Lee Ciccarelli ',1.0,0.0,1.0,0.0,0.0,2.0,0.5,0.5,0.0
 'Preston Polk ',1.0,0.0,1.0,0.0,0.0,2.0,0.5,0.5,0.0
 'James Thornton ',1.0,0.0,0.0,0.0,0.0,1.0,1.0,0.0,0.0
 'Stephen Hurly ',1.0,0.0,1.0,0.0,0.0,2.0,0.5,0.5,0.0
 'Joe McGhee',1.0,0.0,1.0,0.0,0.0,2.0,0.5,0.5,0.0
 'Samuel J. Boyd Jr.',1.0,0.0,0.0,0.0,0.0,1.0,1.0,0.0,0.0
 'Alexander Wit ',1.0,0.0,1.0,0.0,0.0,2.0,0.5,0.5,0.0
 'Kenneth (Ken) Hunt ',1.0,0.0,0.0,0.0,0.0,1.0,1.0,0.0,0.0
'Rafael Ramalho ',1.0,0.0,0.0,0.0,0.0,1.0,1.0,0.0,0.0
'Graham Weaver',12.0,0.0,4.0,0.0,14.0,30.0,0.4,0.13333333333333333,0.4666666666666667
 'Edward Benford ',1.0,0.0,0.0,0.0,0.0,1.0,1.0,0.0,0.0
" 'William P.  ""Bill"" Sutter",1.0,0.0,0.0,0.0,0.0,1.0,1.0,0.0,0.0
 Jr. ',4.0,0.0,0.0,0.0,0.0,4.0,1.0,0.0,0.0
 'Richardo Forrer ',1.0,0.0,0.0,0.0,0.0,1.0,1.0,0.0,0.0
 'A.J. Wasserstein',33.0,0.0,8.0,0.0,3.0,44.0,0.75,0.18181818181818182,0.06818181818181818
 'Richard Augustyn',74.0,0.0,29.0,1.0,34.0,138.0,0.5362318840579711,0.21014492753623187,0.2536231884057971
 'Larry Dunn',87.0,1.0,30.0,2.0,28.0,148.0,0.5878378378378378,0.20270270270270271,0.20945945945945946
 'Mike Smerklo',9.0,0.0,1.0,0.0,7.0,17.0,0.5294117647058824,0.058823529411764705,0.4117647058823529
 'Mark Hilderbrand ',18.0,0.0,2.0,0.0,14.0,34.0,0.5294117647058824,0.058823529411764705,0.4117647058823529
 'Barry Reynolds ',8.0,0.0,1.0,0.0,5.0,14.0,0.5714285714285714,0.07142857142857142,0.35714285714285715
'Paul Davies',61.0,0.0,20.0,0.0,20.0,101.0,0.6039603960396039,0.19801980198019803,0.19801980198019803
 'Christopher Bayley ',1.0,0.0,0.0,0.0,0.0,1.0,1.0,0.0,0.0
 'Fraser Black ',1.0,0.0,0.0,0.0,0.0,1.0,1.0,0.0,0.0
 'Chris Cunning',1.0,0.0,0.0,0.0,0.0,1.0,1.0,0.0,0.0
 'Dan Mattsen ',1.0,0.0,0.0,0.0,0.0,1.0,1.0,0.0,0.0
 'Peter Day',1.0,0.0,0.0,0.0,0.0,1.0,1.0,0.0,0.0
 'William Douglas ',1.0,0.0,0.0,0.0,0.0,1.0,1.0,0.0,0.0
 'Stuart Platt ',1.0,0.0,0.0,0.0,0.0,1.0,1.0,0.0,0.0
 'Bruce Richards ',1.0,0.0,0.0,0.0,0.0,1.0,1.0,0.0,0.0
 'Aaron Richmond ',1.0,0.0,0.0,0.0,0.0,1.0,1.0,0.0,0.0
 'Tom Varga ',1.0,0.0,0.0,0.0,0.0,1.0,1.0,0.0,0.0
 'Dale Vogel ',1.0,0.0,0.0,0.0,0.0,1.0,1.0,0.0,0.0
 'Todd Marker ',1.0,0.0,0.0,0.0,0.0,1.0,1.0,0.0,0.0
 'Andrew Whitman',1.0,0.0,0.0,0.0,0.0,1.0,1.0,0.0,0.0
'W. Clay Hammer ',1.0,0.0,0.0,0.0,0.0,1.0,1.0,0.0,0.0
'Brad Brown',43.0,0.0,4.0,0.0,29.0,76.0,0.5657894736842105,0.05263157894736842,0.3815789473684211
'Joel Peterson',36.0,0.0,5.0,0.0,18.0,59.0,0.6101694915254238,0.0847457627118644,0.3050847457627119
 'Jason Shafer',1.0,0.0,0.0,0.0,0.0,1.0,1.0,0.0,0.0
'Edward Benford ',2.0,0.0,1.0,0.0,0.0,3.0,0.6666666666666666,0.3333333333333333,0.0
 'Bryan Daniels ',1.0,0.0,1.0,0.0,0.0,2.0,0.5,0.5,0.0
 'Steve Groya ',1.0,0.0,1.0,0.0,0.0,2.0,0.5,0.5,0.0
 'James Hallene ',1.0,0.0,0.0,0.0,0.0,1.0,1.0,0.0,0.0
 'Michael Lauesen ',1.0,0.0,0.0,0.0,0.0,1.0,1.0,0.0,0.0
 'Allan Martin ',1.0,0.0,0.0,0.0,0.0,1.0,1.0,0.0,0.0
 'Darren Snyder ',1.0,0.0,1.0,0.0,0.0,2.0,0.5,0.5,0.0
 'Jennifer Steans ',1.0,0.0,0.0,0.0,0.0,1.0,1.0,0.0,0.0
 'Christopher Killackey ',1.0,0.0,1.0,0.0,1.0,3.0,0.3333333333333333,0.3333333333333333,0.3333333333333333
 'Aaron  Mobarak',2.0,0.0,1.0,0.0,0.0,3.0,0.6666666666666666,0.3333333333333333,0.0
'Charles Dickinson ',1.0,0.0,0.0,0.0,0.0,1.0,1.0,0.0,0.0
 'David Vogel ',1.0,0.0,0.0,0.0,0.0,1.0,1.0,0.0,0.0
 'Tim Ludwig',36.0,0.0,8.0,0.0,4.0,48.0,0.75,0.16666666666666666,0.08333333333333333
 'Steve Nutt ',1.0,0.0,0.0,0.0,0.0,1.0,1.0,0.0,0.0
'Sandro Mina',105.0,4.0,16.0,3.0,45.0,173.0,0.6069364161849711,0.09248554913294797,0.30057803468208094
 'Martin Steber',97.0,3.0,16.0,3.0,38.0,157.0,0.6178343949044586,0.10191082802547771,0.2802547770700637
 'Jeff Stevens',51.0,0.0,10.0,1.0,19.0,81.0,0.6296296296296297,0.12345679012345678,0.24691358024691357
 'Greg Matthews',82.0,0.0,30.0,0.0,15.0,127.0,0.6456692913385826,0.23622047244094488,0.11811023622047244
 'Grant Schafle',77.0,0.0,30.0,0.0,8.0,115.0,0.6695652173913044,0.2608695652173913,0.06956521739130435
'Phil Rosenbloom',2.0,0.0,0.0,0.0,0.0,2.0,1.0,0.0,0.0
 'Graham Weaver',10.0,0.0,3.0,0.0,14.0,27.0,0.37037037037037035,0.1111111111111111,0.5185185185185185
 'Richard Kovacevich ',1.0,0.0,0.0,0.0,0.0,1.0,1.0,0.0,0.0
 'Phelps Wood ',1.0,0.0,0.0,0.0,0.0,1.0,1.0,0.0,0.0
 'Peter Francis ',13.0,0.0,2.0,0.0,0.0,15.0,0.8666666666666667,0.13333333333333333,0.0
 'Michael Miles',23.0,0.0,4.0,0.0,17.0,44.0,0.5227272727272727,0.09090909090909091,0.38636363636363635
 'Sandro Mina',82.0,3.0,14.0,1.0,31.0,131.0,0.6259541984732825,0.10687022900763359,0.26717557251908397
 'Karen Moriarty',5.0,0.0,0.0,0.0,0.0,5.0,1.0,0.0,0.0
 'Larry Archibald',1.0,0.0,0.0,0.0,0.0,1.0,1.0,0.0,0.0
 'Peter Kelly',31.0,1.0,4.0,0.0,2.0,38.0,0.8157894736842105,0.10526315789473684,0.07894736842105263
 'Jamie Turner ',21.0,0.0,1.0,0.0,17.0,39.0,0.5384615384615384,0.02564102564102564,0.4358974358974359
 'Andrew Saltoun ',15.0,2.0,2.0,0.0,30.0,49.0,0.30612244897959184,0.04081632653061224,0.6530612244897959
 'Sarath Boyapati ',3.0,0.0,0.0,0.0,2.0,5.0,0.6,0.0,0.4
 'J.P. Whelan ',1.0,0.0,1.0,0.0,0.0,2.0,0.5,0.5,0.0
 'Glenn Healey',16.0,0.0,6.0,0.0,0.0,22.0,0.7272727272727273,0.2727272727272727,0.0
 'Zachary Urban',3.0,0.0,1.0,0.0,0.0,4.0,0.75,0.25,0.0
 'Julie Couillard ',1.0,0.0,0.0,0.0,0.0,1.0,1.0,0.0,0.0
 'Michael Kay ',1.0,0.0,0.0,0.0,0.0,1.0,1.0,0.0,0.0
 'Paul D. McCoy ',1.0,0.0,0.0,0.0,0.0,1.0,1.0,0.0,0.0
 'Will Stevenson',6.0,0.0,2.0,0.0,1.0,9.0,0.6666666666666666,0.2222222222222222,0.1111111111111111
'Michael De Anda ',9.0,0.0,4.0,0.0,0.0,13.0,0.6923076923076923,0.3076923076923077,0.0
'Gavin Turner ',1.0,0.0,0.0,0.0,0.0,1.0,1.0,0.0,0.0
 'Jason Payne ',1.0,0.0,0.0,0.0,0.0,1.0,1.0,0.0,0.0
 'Brian Collins ',1.0,0.0,1.0,0.0,0.0,2.0,0.5,0.5,0.0
 'Ted McCarthy',28.0,0.0,6.0,0.0,12.0,46.0,0.6086956521739131,0.13043478260869565,0.2608695652173913
 'Richard Reese ',1.0,0.0,0.0,0.0,0.0,1.0,1.0,0.0,0.0
 'Kevin Taweel',51.0,0.0,5.0,0.0,9.0,65.0,0.7846153846153846,0.07692307692307693,0.13846153846153847
 'Ed Weisiger ',7.0,0.0,1.0,0.0,17.0,25.0,0.28,0.04,0.68
'Tom Matlack',15.0,0.0,0.0,0.0,2.0,17.0,0.8823529411764706,0.0,0.11764705882352941
 'Ritz Steytler',2.0,0.0,0.0,0.0,1.0,3.0,0.6666666666666666,0.0,0.3333333333333333
 'Gerald Risk',74.0,1.0,21.0,0.0,28.0,124.0,0.5967741935483871,0.1693548387096774,0.23387096774193547
'Michael Aubrey ',4.0,0.0,0.0,0.0,1.0,5.0,0.8,0.0,0.2
'Frank Genovese ',2.0,0.0,0.0,0.0,0.0,2.0,1.0,0.0,0.0
 'Jeff Manley ',1.0,0.0,0.0,0.0,0.0,1.0,1.0,0.0,0.0
 'Ashford Equity Partners ',1.0,0.0,0.0,0.0,1.0,2.0,0.5,0.0,0.5
 'Dewitt Thompson ',2.0,0.0,0.0,0.0,0.0,2.0,1.0,0.0,0.0
 'Ephriam Hoover ',1.0,0.0,0.0,0.0,0.0,1.0,1.0,0.0,0.0
 'Susan Pohlmeyer',26.0,1.0,4.0,0.0,31.0,62.0,0.41935483870967744,0.06451612903225806,0.5161290322580645
 'Kirk Riedinger',17.0,0.0,1.0,0.0,14.0,32.0,0.53125,0.03125,0.4375
 'Marc Bellaud ',1.0,0.0,0.0,0.0,0.0,1.0,1.0,0.0,0.0
 'Oak Drive Capital ',1.0,0.0,0.0,0.0,0.0,1.0,1.0,0.0,0.0
 'Tcg Search Investors ',1.0,0.0,0.0,0.0,0.0,1.0,1.0,0.0,0.0
 'William F ',1.0,0.0,0.0,0.0,0.0,1.0,1.0,0.0,0.0
'Rafael Somoza',35.0,1.0,2.0,0.0,9.0,47.0,0.7446808510638298,0.0425531914893617,0.2127659574468085
 'Robert Parker ',1.0,0.0,0.0,0.0,0.0,1.0,1.0,0.0,0.0
 'Jim Ellis',47.0,0.0,7.0,0.0,10.0,64.0,0.734375,0.109375,0.15625
 'Joseph Gorman ',1.0,0.0,0.0,0.0,0.0,1.0,1.0,0.0,0.0
 'Natalie Cryer',19.0,0.0,1.0,0.0,12.0,32.0,0.59375,0.03125,0.375
'John Barrow ',1.0,0.0,0.0,0.0,0.0,1.0,1.0,0.0,0.0
 'Chuck Grant ',1.0,0.0,0.0,0.0,0.0,1.0,1.0,0.0,0.0
 'Todd Peterson ',1.0,0.0,0.0,0.0,0.0,1.0,1.0,0.0,0.0
 'Pablo Gonzalez ',1.0,0.0,0.0,0.0,0.0,1.0,1.0,0.0,0.0
 'Jose Antonio Fernandez Carbajal ',1.0,0.0,0.0,0.0,2.0,3.0,0.3333333333333333,0.0,0.6666666666666666
 'Armando Garza Sada ',1.0,0.0,0.0,0.0,0.0,1.0,1.0,0.0,0.0
 'Rodrigo Herrera ',1.0,0.0,0.0,0.0,0.0,1.0,1.0,0.0,0.0
 'Javier Fernandez Carbajal ',1.0,0.0,0.0,0.0,0.0,1.0,1.0,0.0,0.0
 'Valiant Partners ',1.0,0.0,0.0,0.0,0.0,1.0,1.0,0.0,0.0
'Doug Abbey ',1.0,0.0,0.0,0.0,0.0,1.0,1.0,0.0,0.0
 'Gordon Cheung ',1.0,0.0,0.0,0.0,0.0,1.0,1.0,0.0,0.0
 'Nestor Cruz ',1.0,0.0,0.0,0.0,0.0,1.0,1.0,0.0,0.0
 'Kausik Rajgopal ',2.0,0.0,0.0,0.0,0.0,2.0,1.0,0.0,0.0
 'Richard Venn ',5.0,0.0,0.0,0.0,0.0,5.0,1.0,0.0,0.0
 'Brett Wilson ',2.0,0.0,0.0,0.0,0.0,2.0,1.0,0.0,0.0
 'Robert Chefitz ',1.0,0.0,0.0,0.0,0.0,1.0,1.0,0.0,0.0
 'Bill Polk ',1.0,0.0,0.0,0.0,0.0,1.0,1.0,0.0,0.0
 'Brandon Cope ',6.0,0.0,1.0,0.0,2.0,9.0,0.6666666666666666,0.1111111111111111,0.2222222222222222
 'Dan Peterson ',3.0,0.0,0.0,0.0,0.0,3.0,1.0,0.0,0.0
'Chris Batterham ',1.0,0.0,0.0,0.0,0.0,1.0,1.0,0.0,0.0
 'Andrew Dixon ',2.0,0.0,1.0,0.0,0.0,3.0,0.6666666666666666,0.3333333333333333,0.0
 'Rob Johnson ',8.0,0.0,2.0,0.0,7.0,17.0,0.47058823529411764,0.11764705882352941,0.4117647058823529
 'Frank Kenny ',2.0,0.0,2.0,0.0,4.0,8.0,0.25,0.25,0.5
 'Bryan Meehan ',2.0,0.0,0.0,0.0,0.0,2.0,1.0,0.0,0.0
 'Maurice Pinto ',10.0,0.0,0.0,0.0,1.0,11.0,0.9090909090909091,0.0,0.09090909090909091
 'Mike Steytler ',1.0,0.0,0.0,0.0,0.0,1.0,1.0,0.0,0.0
 'Simon Webster',10.0,0.0,3.0,1.0,19.0,33.0,0.30303030303030304,0.09090909090909091,0.6060606060606061
 'Keith Willey ',1.0,0.0,0.0,0.0,0.0,1.0,1.0,0.0,0.0
 'Neil Rackman ',1.0,0.0,0.0,0.0,0.0,1.0,1.0,0.0,0.0
 'Ralph James',1.0,0.0,0.0,0.0,0.0,1.0,1.0,0.0,0.0
 'Steve Hollis ',1.0,0.0,0.0,0.0,0.0,1.0,1.0,0.0,0.0
 'Paul Rogers',13.0,0.0,3.0,0.0,0.0,16.0,0.8125,0.1875,0.0
 'Ben Capell',1.0,0.0,0.0,0.0,0.0,1.0,1.0,0.0,0.0
 'Peter Kurzina ',1.0,0.0,0.0,0.0,0.0,1.0,1.0,0.0,0.0
 'Jim Sharpe',12.0,0.0,3.0,0.0,1.0,16.0,0.75,0.1875,0.0625
 'Josh Weinstein',1.0,0.0,0.0,0.0,0.0,1.0,1.0,0.0,0.0
 'Gary Furst',1.0,0.0,0.0,0.0,0.0,1.0,1.0,0.0,0.0
'David Dodson',66.0,1.0,18.0,0.0,38.0,123.0,0.5365853658536586,0.14634146341463414,0.3170731707317073
 'Richard Kincaid ',1.0,0.0,0.0,0.0,0.0,1.0,1.0,0.0,0.0
 'Robert Whitelaw',9.0,0.0,3.0,0.0,1.0,13.0,0.6923076923076923,0.23076923076923078,0.07692307692307693
 'Rick Bruder',11.0,0.0,4.0,0.0,1.0,16.0,0.6875,0.25,0.0625
 'Elliot Sainer',3.0,0.0,0.0,0.0,0.0,3.0,1.0,0.0,0.0
 'Tomas Bergstrand',17.0,0.0,7.0,0.0,13.0,37.0,0.4594594594594595,0.1891891891891892,0.35135135135135137
 'Jason Luther',11.0,0.0,1.0,0.0,3.0,15.0,0.7333333333333333,0.06666666666666667,0.2
 'Scott Alderman',44.0,0.0,10.0,1.0,27.0,82.0,0.5365853658536586,0.12195121951219512,0.34146341463414637
 'Jon Staenberg',3.0,0.0,0.0,0.0,2.0,5.0,0.6,0.0,0.4
 'Craig Jones',8.0,0.0,2.0,0.0,6.0,16.0,0.5,0.125,0.375
 'Jan Simon',7.0,0.0,0.0,0.0,22.0,29.0,0.2413793103448276,0.0,0.7586206896551724
 'Harold Mottet',11.0,0.0,0.0,0.0,2.0,13.0,0.8461538461538461,0.0,0.15384615384615385
'Coley Andrews',92.0,1.0,20.0,1.0,39.0,153.0,0.6013071895424836,0.13071895424836602,0.2679738562091503
 'James Berylson ',1.0,0.0,0.0,0.0,0.0,1.0,1.0,0.0,0.0
 'Frank Ghali ',1.0,0.0,0.0,0.0,0.0,1.0,1.0,0.0,0.0
 'Lenny Mendonca',3.0,0.0,1.0,0.0,0.0,4.0,0.75,0.25,0.0
 'Bill Powers ',1.0,0.0,0.0,0.0,0.0,1.0,1.0,0.0,0.0
 'David Salisbury ',1.0,0.0,0.0,0.0,0.0,1.0,1.0,0.0,0.0
 'Marc Singer ',1.0,0.0,0.0,0.0,0.0,1.0,1.0,0.0,0.0
 'Hermann Simon',1.0,0.0,0.0,0.0,0.0,1.0,1.0,0.0,0.0
 'Siegfried Mueller',1.0,0.0,0.0,0.0,0.0,1.0,1.0,0.0,0.0
'Robert Whitelaw',11.0,0.0,4.0,0.0,1.0,16.0,0.6875,0.25,0.0625
 'Mark Rothschild',7.0,0.0,2.0,0.0,1.0,10.0,0.7,0.2,0.1
 'Dick Allen ',1.0,0.0,0.0,0.0,0.0,1.0,1.0,0.0,0.0
 'Brad Jones ',1.0,0.0,0.0,0.0,0.0,1.0,1.0,0.0,0.0
 'Robert Mittendorff',1.0,0.0,0.0,0.0,0.0,1.0,1.0,0.0,0.0
'Billy (William) Maguy ',2.0,0.0,0.0,0.0,0.0,2.0,1.0,0.0,0.0
 'Bipin Agarwal ',1.0,0.0,0.0,0.0,0.0,1.0,1.0,0.0,0.0
 'Sal Mahbouba',1.0,0.0,0.0,0.0,0.0,1.0,1.0,0.0,0.0
 'Christoph Ludwig ',3.0,0.0,0.0,0.0,0.0,3.0,1.0,0.0,0.0
 'Hiten Varia ',1.0,0.0,0.0,0.0,0.0,1.0,1.0,0.0,0.0
 'Keith Gillespie ',1.0,0.0,0.0,0.0,0.0,1.0,1.0,0.0,0.0
 'Allen Hill ',7.0,0.0,0.0,0.0,1.0,8.0,0.875,0.0,0.125
 'Chuck Salzman ',1.0,0.0,0.0,0.0,0.0,1.0,1.0,0.0,0.0
'Fraser Black ',2.0,0.0,0.0,0.0,0.0,2.0,1.0,0.0,0.0
 'Don Sanders ',1.0,0.0,0.0,0.0,0.0,1.0,1.0,0.0,0.0
 'Jim Franke ',2.0,0.0,0.0,0.0,0.0,2.0,1.0,0.0,0.0
 'Tushar Shah',21.0,0.0,6.0,0.0,33.0,60.0,0.35,0.1,0.55
 'Sidney Hynes ',1.0,0.0,0.0,0.0,0.0,1.0,1.0,0.0,0.0
 'Alina Osorio ',1.0,0.0,0.0,0.0,0.0,1.0,1.0,0.0,0.0
 'Josh Harlan ',1.0,0.0,0.0,0.0,0.0,1.0,1.0,0.0,0.0
 'Pat Madigan ',1.0,0.0,0.0,0.0,0.0,1.0,1.0,0.0,0.0
 'Matthew Burr',30.0,1.0,5.0,0.0,21.0,57.0,0.5263157894736842,0.08771929824561403,0.38596491228070173
 'David Chandler',1.0,0.0,0.0,0.0,0.0,1.0,1.0,0.0,0.0
 'Rob Healy',1.0,0.0,0.0,0.0,0.0,1.0,1.0,0.0,0.0
 'Tim Murray',1.0,0.0,0.0,0.0,0.0,1.0,1.0,0.0,0.0
 'William Royall ',1.0,0.0,0.0,0.0,0.0,1.0,1.0,0.0,0.0
 'Gunnar Bjorklund ',2.0,0.0,0.0,0.0,0.0,2.0,1.0,0.0,0.0
 'Anders Brag ',1.0,0.0,1.0,0.0,1.0,3.0,0.3333333333333333,0.3333333333333333,0.3333333333333333
 'Keith Gross',9.0,0.0,1.0,0.0,11.0,21.0,0.42857142857142855,0.047619047619047616,0.5238095238095238
 'Jonathan Schatz',4.0,0.0,0.0,0.0,5.0,9.0,0.4444444444444444,0.0,0.5555555555555556
'Richard Augustyn',92.0,1.0,30.0,3.0,41.0,167.0,0.5508982035928144,0.17964071856287425,0.2694610778443114
'Timothy Bovard',11.0,0.0,1.0,0.0,9.0,21.0,0.5238095238095238,0.047619047619047616,0.42857142857142855
 'Jeremy Silverman',9.0,0.0,0.0,0.0,8.0,17.0,0.5294117647058824,0.0,0.47058823529411764
 'Andrea Gonzalez Corleto',5.0,0.0,0.0,0.0,0.0,5.0,1.0,0.0,0.0
 'Chris Fuller',2.0,0.0,0.0,0.0,9.0,11.0,0.18181818181818182,0.0,0.8181818181818182
 'Zachary Kahane',1.0,0.0,0.0,0.0,0.0,1.0,1.0,0.0,0.0
 'Brad Fauvre ',1.0,0.0,0.0,0.0,0.0,1.0,1.0,0.0,0.0
 'Michael T. Fries ',1.0,0.0,0.0,0.0,0.0,1.0,1.0,0.0,0.0
 'Grant M. Inman ',1.0,0.0,0.0,0.0,0.0,1.0,1.0,0.0,0.0
 'Scott Lynn ',1.0,0.0,0.0,0.0,0.0,1.0,1.0,0.0,0.0
 'Chris Mathias ',2.0,0.0,0.0,0.0,0.0,2.0,1.0,0.0,0.0
 'David Prokupek ',1.0,0.0,0.0,0.0,0.0,1.0,1.0,0.0,0.0
 'Gary Seehoff ',1.0,0.0,0.0,0.0,0.0,1.0,1.0,0.0,0.0
 'Michelle Fortier',1.0,0.0,0.0,0.0,0.0,1.0,1.0,0.0,0.0
'Peter Kelly',32.0,1.0,4.0,0.0,2.0,39.0,0.8205128205128205,0.10256410256410256,0.07692307692307693
 'Andrew Stevenson ',3.0,0.0,0.0,0.0,0.0,3.0,1.0,0.0,0.0
 'Nicholas Stonnington ',1.0,0.0,0.0,0.0,0.0,1.0,1.0,0.0,0.0
 'Brian McGuigan ',1.0,0.0,0.0,0.0,0.0,1.0,1.0,0.0,0.0
 'Ken Alston',3.0,0.0,0.0,0.0,0.0,3.0,1.0,0.0,0.0
 'Jeff Diermeier ',1.0,0.0,0.0,0.0,0.0,1.0,1.0,0.0,0.0
 'Chris Lewis ',1.0,0.0,0.0,0.0,0.0,1.0,1.0,0.0,0.0
 'Courtney Shea ',1.0,0.0,0.0,0.0,0.0,1.0,1.0,0.0,0.0
 'Stan Baratz ',3.0,0.0,0.0,0.0,0.0,3.0,1.0,0.0,0.0
 'Avinash Ambale ',1.0,0.0,0.0,0.0,0.0,1.0,1.0,0.0,0.0
 'Stan Bell ',1.0,0.0,0.0,0.0,0.0,1.0,1.0,0.0,0.0
 'Richard Butler ',1.0,0.0,0.0,0.0,0.0,1.0,1.0,0.0,0.0
 'George Daum ',1.0,0.0,0.0,0.0,0.0,1.0,1.0,0.0,0.0
 'Thomas Hudson ',1.0,0.0,0.0,0.0,0.0,1.0,1.0,0.0,0.0
 'Billy (William) Maguy ',1.0,0.0,0.0,0.0,0.0,1.0,1.0,0.0,0.0
 'Chris Walker ',1.0,0.0,0.0,0.0,0.0,1.0,1.0,0.0,0.0
'Rick Ruback',9.0,0.0,1.0,0.0,1.0,11.0,0.8181818181818182,0.09090909090909091,0.09090909090909091
 'Royce Yudkoff',9.0,0.0,1.0,0.0,3.0,13.0,0.6923076923076923,0.07692307692307693,0.23076923076923078
'Andy Love',50.0,0.0,6.0,0.0,40.0,96.0,0.5208333333333334,0.0625,0.4166666666666667
 'Brad Buser',50.0,0.0,6.0,0.0,31.0,87.0,0.5747126436781609,0.06896551724137931,0.3563218390804598
 'B.A. Cullum',27.0,0.0,2.0,0.0,22.0,51.0,0.5294117647058824,0.0392156862745098,0.43137254901960786
 'Jon Altschuler',5.0,0.0,2.0,0.0,0.0,7.0,0.7142857142857143,0.2857142857142857,0.0
 'Ganesh Betanabhatla ',1.0,0.0,0.0,0.0,0.0,1.0,1.0,0.0,0.0
 'John De Meritt ',1.0,0.0,0.0,0.0,0.0,1.0,1.0,0.0,0.0
 'Steve Duke ',1.0,0.0,0.0,0.0,0.0,1.0,1.0,0.0,0.0
 'Glenn Hubbard',2.0,0.0,0.0,0.0,0.0,2.0,1.0,0.0,0.0
 'Karl Kurz ',1.0,0.0,0.0,0.0,0.0,1.0,1.0,0.0,0.0
 'Alberto Martin-Sobern ',1.0,0.0,0.0,0.0,0.0,1.0,1.0,0.0,0.0
 'Gabriel Wood ',1.0,0.0,0.0,0.0,0.0,1.0,1.0,0.0,0.0
 'Fred Coulson ',2.0,0.0,0.0,0.0,0.0,2.0,1.0,0.0,0.0
 'Aaron Handke ',1.0,0.0,0.0,0.0,0.0,1.0,1.0,0.0,0.0
 'Joe Onofrio ',2.0,0.0,0.0,0.0,0.0,2.0,1.0,0.0,0.0
 'Ken Bowdon',7.0,0.0,0.0,0.0,0.0,7.0,1.0,0.0,0.0
 'Anthony Roberts',5.0,0.0,0.0,0.0,0.0,5.0,1.0,0.0,0.0
 'Michael Klein ',1.0,0.0,0.0,0.0,0.0,1.0,1.0,0.0,0.0
 'Badge Stone',22.0,0.0,2.0,0.0,33.0,57.0,0.38596491228070173,0.03508771929824561,0.5789473684210527
 'Steve Ressler',3.0,0.0,0.0,0.0,3.0,6.0,0.5,0.0,0.5
 'Wei Lin',1.0,0.0,0.0,0.0,2.0,3.0,0.3333333333333333,0.0,0.6666666666666666
 'Andy Love',42.0,0.0,6.0,0.0,35.0,83.0,0.5060240963855421,0.07228915662650602,0.42168674698795183
 'Austin Beutel ',1.0,0.0,0.0,0.0,0.0,1.0,1.0,0.0,0.0
 'Duane Phillips ',2.0,0.0,0.0,0.0,5.0,7.0,0.2857142857142857,0.0,0.7142857142857143
 'Rick Ruback',1.0,0.0,0.0,0.0,0.0,1.0,1.0,0.0,0.0
 'Gerald Sheff ',1.0,0.0,0.0,0.0,0.0,1.0,1.0,0.0,0.0
 'Casper De Clercq ',1.0,0.0,0.0,0.0,0.0,1.0,1.0,0.0,0.0
 ' Nicholas Greenspan ',1.0,0.0,0.0,0.0,0.0,1.0,1.0,0.0,0.0
 ' Robert Sternfels ',1.0,0.0,0.0,0.0,0.0,1.0,1.0,0.0,0.0
'Ruben Perez ',1.0,0.0,0.0,0.0,0.0,1.0,1.0,0.0,0.0
 'Heath Ritenour ',1.0,0.0,0.0,0.0,0.0,1.0,1.0,0.0,0.0
 'Craig Peterson ',1.0,0.0,0.0,0.0,0.0,1.0,1.0,0.0,0.0
 'Chris Mahowald',2.0,0.0,0.0,0.0,0.0,2.0,1.0,0.0,0.0
 'Steven Meltzer ',1.0,0.0,0.0,0.0,0.0,1.0,1.0,0.0,0.0
 'Trygve Mikkelsen ',1.0,0.0,1.0,0.0,0.0,2.0,0.5,0.5,0.0
 'David Thompson ',1.0,0.0,0.0,0.0,0.0,1.0,1.0,0.0,0.0
'Daniel Reese',1.0,0.0,0.0,0.0,0.0,1.0,1.0,0.0,0.0
 'Jim Perry ',12.0,0.0,3.0,0.0,2.0,17.0,0.7058823529411765,0.17647058823529413,0.11764705882352941
 'Rachel Sheridan ',1.0,0.0,0.0,0.0,0.0,1.0,1.0,0.0,0.0
 'Paul Sheridan ',1.0,0.0,0.0,0.0,0.0,1.0,1.0,0.0,0.0
 'Ravi Mallik',1.0,0.0,1.0,0.0,0.0,2.0,0.5,0.5,0.0
'Bob Oster ',13.0,0.0,8.0,0.0,0.0,21.0,0.6190476190476191,0.38095238095238093,0.0
 'Bret Comolli',26.0,0.0,1.0,0.0,8.0,35.0,0.7428571428571429,0.02857142857142857,0.22857142857142856
 'Ed Haldeman ',1.0,0.0,0.0,0.0,0.0,1.0,1.0,0.0,0.0
 'Steve Kaufmann ',1.0,0.0,0.0,0.0,0.0,1.0,1.0,0.0,0.0
 'William Norvell',1.0,0.0,0.0,0.0,0.0,1.0,1.0,0.0,0.0
 'Robert Cherun ',1.0,0.0,0.0,0.0,2.0,3.0,0.3333333333333333,0.0,0.6666666666666666
 'Hernan Saenz ',1.0,0.0,0.0,0.0,0.0,1.0,1.0,0.0,0.0
 'Doug Tudor ',21.0,2.0,4.0,0.0,12.0,39.0,0.5384615384615384,0.10256410256410256,0.358974358974359
 'Brendan Wallace ',1.0,0.0,0.0,0.0,0.0,1.0,1.0,0.0,0.0
'Meagan Hill',1.0,0.0,0.0,0.0,0.0,1.0,1.0,0.0,0.0
 'Bob Adelson ',1.0,0.0,0.0,0.0,0.0,1.0,1.0,0.0,0.0
 'Len Bartolom ',8.0,0.0,2.0,0.0,8.0,18.0,0.4444444444444444,0.1111111111111111,0.4444444444444444
 'Luis Cabiedes',5.0,0.0,0.0,0.0,5.0,10.0,0.5,0.0,0.5
 'Jrgen Rilling ',5.0,1.0,3.0,0.0,9.0,18.0,0.2777777777777778,0.16666666666666666,0.5555555555555556
'Christopher Heinz ',1.0,0.0,0.0,0.0,0.0,1.0,1.0,0.0,0.0
 'Bruce Macleod ',1.0,0.0,0.0,0.0,0.0,1.0,1.0,0.0,0.0
 'James Goodman',1.0,0.0,0.0,0.0,0.0,1.0,1.0,0.0,0.0
 'German Pereira ',1.0,0.0,0.0,0.0,0.0,1.0,1.0,0.0,0.0
 'John Puckett ',1.0,0.0,0.0,0.0,0.0,1.0,1.0,0.0,0.0
 'Charles Shumway ',1.0,0.0,0.0,0.0,0.0,1.0,1.0,0.0,0.0
 'Matthew Day ',2.0,0.0,0.0,0.0,0.0,2.0,1.0,0.0,0.0
 'Clint Peterson',4.0,0.0,0.0,0.0,6.0,10.0,0.4,0.0,0.6
 'Brian Kelly',1.0,0.0,0.0,0.0,0.0,1.0,1.0,0.0,0.0
'Howard Balloch ',1.0,0.0,0.0,0.0,0.0,1.0,1.0,0.0,0.0
 'Pierre Donaldson ',1.0,0.0,0.0,0.0,0.0,1.0,1.0,0.0,0.0
 'Georges Karam ',1.0,0.0,0.0,0.0,0.0,1.0,1.0,0.0,0.0
 'Maurice Pinsonnault ',1.0,0.0,0.0,0.0,0.0,1.0,1.0,0.0,0.0
 'Pierre Thabet ',1.0,0.0,0.0,0.0,0.0,1.0,1.0,0.0,0.0
 'Andr Courtemanche ',1.0,0.0,0.0,0.0,0.0,1.0,1.0,0.0,0.0
 'Marcel Dutil ',1.0,0.0,0.0,0.0,0.0,1.0,1.0,0.0,0.0
 'Francois Lambert ',1.0,0.0,0.0,0.0,0.0,1.0,1.0,0.0,0.0
 'Guy Savard ',1.0,0.0,0.0,0.0,0.0,1.0,1.0,0.0,0.0
'A.J. Wasserstein',34.0,0.0,8.0,0.0,3.0,45.0,0.7555555555555555,0.17777777777777778,0.06666666666666667
 'Lacey Wismer',10.0,1.0,7.0,0.0,9.0,27.0,0.37037037037037035,0.25925925925925924,0.37037037037037035
 'Matt Zucker',3.0,0.0,0.0,0.0,4.0,7.0,0.42857142857142855,0.0,0.5714285714285714
 'Michael Rutner',1.0,0.0,0.0,0.0,0.0,1.0,1.0,0.0,0.0
 'John Hunkin ',1.0,0.0,0.0,0.0,0.0,1.0,1.0,0.0,0.0
 'Carolyn Hubach',2.0,0.0,0.0,0.0,0.0,2.0,1.0,0.0,0.0
 'Andrew Hunter ',8.0,1.0,1.0,0.0,3.0,13.0,0.6153846153846154,0.07692307692307693,0.3076923076923077
'Jose Antonio Fernandez Garza-Laguera ',2.0,0.0,0.0,0.0,4.0,6.0,0.3333333333333333,0.0,0.6666666666666666
 'Pelayo Cortina Koplowitz ',1.0,0.0,0.0,0.0,0.0,1.0,1.0,0.0,0.0
 'Jose Rion Cantu ',1.0,0.0,0.0,0.0,0.0,1.0,1.0,0.0,0.0
 'Mario Laborin Gomez ',1.0,0.0,0.0,0.0,0.0,1.0,1.0,0.0,0.0
 'Bernard Minkow Wengerman ',1.0,0.0,0.0,0.0,0.0,1.0,1.0,0.0,0.0
 'Javier Najera Muoz ',1.0,0.0,0.0,0.0,0.0,1.0,1.0,0.0,0.0
'Tobias Raeber ',4.0,0.0,0.0,0.0,13.0,17.0,0.23529411764705882,0.0,0.7647058823529411
 'Jan-Henning Woitschatzke',4.0,0.0,1.0,0.0,7.0,12.0,0.3333333333333333,0.08333333333333333,0.5833333333333334
 'Jurgen von Wendorff ',2.0,0.0,0.0,0.0,1.0,3.0,0.6666666666666666,0.0,0.3333333333333333
 'Claus von Loeper ',2.0,0.0,0.0,0.0,2.0,4.0,0.5,0.0,0.5
 'Andreas Schober ',2.0,0.0,0.0,0.0,0.0,2.0,1.0,0.0,0.0
'Peter Francis ',14.0,0.0,2.0,0.0,0.0,16.0,0.875,0.125,0.0
 'Shyam Kambeyanda ',1.0,0.0,0.0,0.0,0.0,1.0,1.0,0.0,0.0
 'Kevin Maroni ',1.0,0.0,0.0,0.0,0.0,1.0,1.0,0.0,0.0
 'Matt Estep',6.0,0.0,4.0,0.0,8.0,18.0,0.3333333333333333,0.2222222222222222,0.4444444444444444
 'Nicolas Lulli',9.0,2.0,0.0,0.0,5.0,16.0,0.5625,0.0,0.4375
 'Alfonso Blohm',6.0,0.0,0.0,0.0,5.0,11.0,0.5454545454545454,0.0,0.45454545454545453
 'Sam Duprey ',10.0,1.0,0.0,0.0,10.0,21.0,0.47619047619047616,0.0,0.5238095238095238
 'Craig Rogerson ',0.0,0.0,1.0,0.0,0.0,1.0,0.0,1.0,0.0
 'Scott Peterson ',1.0,0.0,0.0,0.0,0.0,1.0,1.0,0.0,0.0
 'Peter Brockway ',1.0,0.0,0.0,0.0,0.0,1.0,1.0,0.0,0.0
 'Peter Klein ',1.0,0.0,0.0,0.0,0.0,1.0,1.0,0.0,0.0
 'Cregg Baumbaugh',31.0,0.0,12.0,0.0,18.0,61.0,0.5081967213114754,0.19672131147540983,0.29508196721311475
 'Mitch Cohen',31.0,0.0,12.0,0.0,20.0,63.0,0.49206349206349204,0.19047619047619047,0.31746031746031744
 'Jim Johnson',16.0,0.0,7.0,0.0,1.0,24.0,0.6666666666666666,0.2916666666666667,0.041666666666666664
 'Matt Diamond',17.0,0.0,6.0,0.0,1.0,24.0,0.7083333333333334,0.25,0.041666666666666664
 'Phil Rosenbloom',1.0,0.0,0.0,0.0,0.0,1.0,1.0,0.0,0.0
 'Jeff Chambers ',2.0,0.0,0.0,0.0,1.0,3.0,0.6666666666666666,0.0,0.3333333333333333
 'Nick Fenn ',1.0,0.0,0.0,0.0,0.0,1.0,1.0,0.0,0.0
 'Paul Shea ',1.0,0.0,0.0,0.0,0.0,1.0,1.0,0.0,0.0
 'Mike Humphrey ',1.0,0.0,0.0,0.0,0.0,1.0,1.0,0.0,0.0
 'Thomas L. Kalaris ',1.0,0.0,0.0,0.0,0.0,1.0,1.0,0.0,0.0
'Peter Schober',23.0,1.0,6.0,1.0,19.0,50.0,0.46,0.12,0.42
 'Mike Barry ',1.0,0.0,0.0,0.0,0.0,1.0,1.0,0.0,0.0
 'Brad Williams ',1.0,0.0,0.0,0.0,0.0,1.0,1.0,0.0,0.0
 'Jay Eastman ',1.0,0.0,0.0,0.0,0.0,1.0,1.0,0.0,0.0
 'Jac McLean ',1.0,0.0,0.0,0.0,0.0,1.0,1.0,0.0,0.0
 'Warren Heffelfinger',1.0,0.0,0.0,0.0,0.0,1.0,1.0,0.0,0.0
 'Gray Ellison ',1.0,0.0,0.0,0.0,0.0,1.0,1.0,0.0,0.0
 'Don Williams ',1.0,0.0,0.0,0.0,0.0,1.0,1.0,0.0,0.0
 'Rich Vinroot ',1.0,0.0,0.0,0.0,0.0,1.0,1.0,0.0,0.0
 'Walker Simmons ',1.0,0.0,0.0,0.0,0.0,1.0,1.0,0.0,0.0
 'Tom Hughes ',1.0,0.0,0.0,0.0,0.0,1.0,1.0,0.0,0.0
 'John Schmidt ',1.0,0.0,0.0,0.0,0.0,1.0,1.0,0.0,0.0
 'Gordon Mattocks ',1.0,0.0,0.0,0.0,0.0,1.0,1.0,0.0,0.0
 'Mary Anne Dickson ',1.0,0.0,0.0,0.0,0.0,1.0,1.0,0.0,0.0
 'Josh Dick ',1.0,0.0,0.0,0.0,0.0,1.0,1.0,0.0,0.0
 'George Mackie ',1.0,0.0,0.0,0.0,0.0,1.0,1.0,0.0,0.0
 'Tom Matlack',11.0,0.0,0.0,0.0,1.0,12.0,0.9166666666666666,0.0,0.08333333333333333
 'Matthew Gillin ',1.0,0.0,0.0,0.0,0.0,1.0,1.0,0.0,0.0
 'John Loftus',1.0,0.0,0.0,0.0,0.0,1.0,1.0,0.0,0.0
 'Peter Nanula ',2.0,0.0,1.0,0.0,0.0,3.0,0.6666666666666666,0.3333333333333333,0.0
 'Quint Slattery',1.0,0.0,0.0,0.0,0.0,1.0,1.0,0.0,0.0
 'Andrew Snyder ',1.0,0.0,0.0,0.0,0.0,1.0,1.0,0.0,0.0
'Frank Kenny ',3.0,0.0,2.0,0.0,5.0,10.0,0.3,0.2,0.5
 'Sverica ',1.0,0.0,0.0,0.0,0.0,1.0,1.0,0.0,0.0
'Chris Lee',2.0,0.0,0.0,0.0,0.0,2.0,1.0,0.0,0.0
 'Paul Thomson',1.0,0.0,0.0,0.0,0.0,1.0,1.0,0.0,0.0
 'Mason Myers',2.0,0.0,0.0,0.0,0.0,2.0,1.0,0.0,0.0
 'Henry Allen ',1.0,0.0,0.0,0.0,0.0,1.0,1.0,0.0,0.0
 'James Johnstone',1.0,0.0,0.0,0.0,0.0,1.0,1.0,0.0,0.0
 'Marcus Shadbolt',1.0,0.0,0.0,0.0,0.0,1.0,1.0,0.0,0.0
'Frantz Alphonse ',1.0,0.0,0.0,0.0,0.0,1.0,1.0,0.0,0.0
 'Michael S. Hudner ',1.0,0.0,0.0,0.0,0.0,1.0,1.0,0.0,0.0
 'Robert (Bobby) M. Kraft ',1.0,0.0,0.0,0.0,0.0,1.0,1.0,0.0,0.0
 'Paul V. Scura ',1.0,0.0,0.0,0.0,0.0,1.0,1.0,0.0,0.0
 'William J. Shea,1.0,0.0,0.0,0.0,0.0,1.0,1.0,0.0,0.0
'Robert Keane ',1.0,0.0,0.0,0.0,0.0,1.0,1.0,0.0,0.0
 'Bali Mahajan ',1.0,0.0,0.0,0.0,0.0,1.0,1.0,0.0,0.0
 'Dustin Sellers ',6.0,0.0,1.0,0.0,4.0,11.0,0.5454545454545454,0.09090909090909091,0.36363636363636365
 'Mark Matthias ',1.0,0.0,0.0,0.0,0.0,1.0,1.0,0.0,0.0
"""MK O'Connell""",36.0,0.0,6.0,0.0,14.0,56.0,0.6428571428571429,0.10714285714285714,0.25
 'David Brown ',2.0,0.0,0.0,0.0,0.0,2.0,1.0,0.0,0.0
 'Stephen Madsen ',2.0,0.0,0.0,0.0,0.0,2.0,1.0,0.0,0.0
 'Robert Amoruso ',2.0,0.0,0.0,0.0,0.0,2.0,1.0,0.0,0.0
 'Adam Luchansky ',1.0,0.0,0.0,0.0,0.0,1.0,1.0,0.0,0.0
 'Luke McGee ',1.0,0.0,0.0,0.0,0.0,1.0,1.0,0.0,0.0
 'Elliot Silverstein ',1.0,0.0,0.0,0.0,0.0,1.0,1.0,0.0,0.0
'Elliot Silverstein ',2.0,0.0,0.0,0.0,0.0,2.0,1.0,0.0,0.0
 'Bob Dahl ',1.0,0.0,0.0,0.0,0.0,1.0,1.0,0.0,0.0
 'Matt Friesl ',3.0,0.0,0.0,0.0,5.0,8.0,0.375,0.0,0.625
 'Christian Lawrence',1.0,0.0,0.0,0.0,0.0,1.0,1.0,0.0,0.0
 'Ciaran Power',1.0,0.0,0.0,0.0,0.0,1.0,1.0,0.0,0.0
'Jos Mara del guila ',1.0,0.0,0.0,0.0,0.0,1.0,1.0,0.0,0.0
 'Antonio Tuon ',1.0,0.0,0.0,0.0,1.0,2.0,0.5,0.0,0.5
 'Jose M Cabiedes ',10.0,0.0,3.0,1.0,28.0,42.0,0.23809523809523808,0.07142857142857142,0.6904761904761905
 'Blake Winchell ',9.0,0.0,0.0,0.0,5.0,14.0,0.6428571428571429,0.0,0.35714285714285715
 'Brett Byers ',6.0,0.0,0.0,0.0,4.0,10.0,0.6,0.0,0.4
'Shannon Jones',5.0,0.0,0.0,0.0,1.0,6.0,0.8333333333333334,0.0,0.16666666666666666
 'Bart van Hoek ',1.0,0.0,0.0,0.0,0.0,1.0,1.0,0.0,0.0
 'Bertil Schuil ',1.0,0.0,0.0,0.0,2.0,3.0,0.3333333333333333,0.0,0.6666666666666666
 'Timothy Bovard',2.0,0.0,0.0,0.0,1.0,3.0,0.6666666666666666,0.0,0.3333333333333333
 'Sean Pattwell ',1.0,0.0,0.0,0.0,0.0,1.0,1.0,0.0,0.0
 'Mike Elliott ',1.0,0.0,0.0,0.0,0.0,1.0,1.0,0.0,0.0
 'Marc der Kinderen ',1.0,0.0,0.0,0.0,0.0,1.0,1.0,0.0,0.0
'Kirin Narula ',1.0,0.0,0.0,0.0,0.0,1.0,1.0,0.0,0.0
 'Chan Chee Keong ',1.0,0.0,0.0,0.0,0.0,1.0,1.0,0.0,0.0
 'Warren Chan',1.0,0.0,0.0,0.0,6.0,7.0,0.14285714285714285,0.0,0.8571428571428571
 'Raymond Fan',0.0,0.0,0.0,0.0,1.0,1.0,0.0,0.0,1.0
 'Cecilia Lulli',1.0,0.0,0.0,0.0,7.0,8.0,0.125,0.0,0.875
 'Felipe Corcuera',2.0,0.0,0.0,0.0,7.0,9.0,0.2222222222222222,0.0,0.7777777777777778
 'Clement Lucas',1.0,0.0,0.0,0.0,6.0,7.0,0.14285714285714285,0.0,0.8571428571428571
'Nicholas Tse ',1.0,0.0,0.0,0.0,0.0,1.0,1.0,0.0,0.0
'Kent Weaver',95.0,2.0,20.0,0.0,56.0,173.0,0.5491329479768786,0.11560693641618497,0.3352601156069364
 'Peter Schober',19.0,1.0,5.0,1.0,16.0,42.0,0.4523809523809524,0.11904761904761904,0.42857142857142855
'Michael Miles',26.0,0.0,4.0,0.0,17.0,47.0,0.5531914893617021,0.0851063829787234,0.3617021276595745
 'Carlos Saez',22.0,0.0,2.0,0.0,17.0,41.0,0.5365853658536586,0.04878048780487805,0.4146341463414634
'Chris Hendriksen',3.0,0.0,0.0,0.0,5.0,8.0,0.375,0.0,0.625
 'Kevin Agatstein',1.0,0.0,0.0,0.0,0.0,1.0,1.0,0.0,0.0
 'Brian Douglas',1.0,0.0,0.0,0.0,0.0,1.0,1.0,0.0,0.0
 'Matthew Jarman',1.0,0.0,0.0,0.0,0.0,1.0,1.0,0.0,0.0
 'Mukund Krishna',1.0,0.0,0.0,0.0,0.0,1.0,1.0,0.0,0.0
 'Jeffrey Lampe',1.0,0.0,0.0,0.0,0.0,1.0,1.0,0.0,0.0
 'Satish Malnaik',1.0,0.0,0.0,0.0,0.0,1.0,1.0,0.0,0.0
 'Prashant Mitta',1.0,0.0,0.0,0.0,0.0,1.0,1.0,0.0,0.0
 'Tej Shah',1.0,0.0,0.0,0.0,0.0,1.0,1.0,0.0,0.0
 'Jay Sitaram',1.0,0.0,0.0,0.0,0.0,1.0,1.0,0.0,0.0
 'Jake Nicholson',5.0,0.0,0.0,0.0,0.0,5.0,1.0,0.0,0.0
 'Wayne Kocourek ',1.0,0.0,0.0,0.0,0.0,1.0,1.0,0.0,0.0
" ""Brian O'Connor""",3.0,0.0,1.0,0.0,0.0,4.0,0.75,0.25,0.0
 'Michael Grabenstein',2.0,0.0,1.0,0.0,0.0,3.0,0.6666666666666666,0.3333333333333333,0.0
 'Bill Williams ',1.0,0.0,0.0,0.0,0.0,1.0,1.0,0.0,0.0
 'Chris Hendriksen',2.0,0.0,0.0,0.0,5.0,7.0,0.2857142857142857,0.0,0.7142857142857143
 'Daniel Krizek ',1.0,0.0,0.0,0.0,0.0,1.0,1.0,0.0,0.0
 'Casey Lynch ',1.0,0.0,0.0,0.0,0.0,1.0,1.0,0.0,0.0
 'Andy Schoonover',2.0,0.0,0.0,0.0,0.0,2.0,1.0,0.0,0.0
 'Andy Shah ',1.0,0.0,0.0,0.0,0.0,1.0,1.0,0.0,0.0
 'Luke Barthelmess',1.0,0.0,0.0,0.0,0.0,1.0,1.0,0.0,0.0
 'Rick Taketa',2.0,0.0,0.0,0.0,6.0,8.0,0.25,0.0,0.75
'Steve Ressler',5.0,0.0,0.0,0.0,4.0,9.0,0.5555555555555556,0.0,0.4444444444444444
 'Will Bressman',1.0,1.0,0.0,0.0,23.0,25.0,0.04,0.0,0.96
'J.T. Fitzgerald',23.0,1.0,6.0,0.0,13.0,43.0,0.5348837209302325,0.13953488372093023,0.32558139534883723
 'Jay Ferst',1.0,0.0,2.0,0.0,1.0,4.0,0.25,0.5,0.25
 'Dom Ferst',1.0,0.0,2.0,0.0,1.0,4.0,0.25,0.5,0.25
 'Bruno Demory ',1.0,0.0,0.0,0.0,0.0,1.0,1.0,0.0,0.0
 'Nurit Amdur ',1.0,0.0,0.0,0.0,0.0,1.0,1.0,0.0,0.0
 'Rick Amdur ',1.0,0.0,0.0,0.0,0.0,1.0,1.0,0.0,0.0
 'Greg Warnock ',1.0,0.0,0.0,0.0,0.0,1.0,1.0,0.0,0.0
 'Gary Williams ',1.0,0.0,0.0,0.0,0.0,1.0,1.0,0.0,0.0
 'Ben Peterson ',1.0,0.0,0.0,0.0,0.0,1.0,1.0,0.0,0.0
 'Khary Robinson',1.0,0.0,0.0,0.0,0.0,1.0,1.0,0.0,0.0
'James Goodman',3.0,0.0,0.0,0.0,0.0,3.0,1.0,0.0,0.0
'Michael Xu',1.0,0.0,0.0,0.0,0.0,1.0,1.0,0.0,0.0
 'Juan Vergara Fuenmayor',1.0,0.0,0.0,0.0,0.0,1.0,1.0,0.0,0.0
 'David Spigelman ',1.0,0.0,0.0,0.0,0.0,1.0,1.0,0.0,0.0
 'Sumit Garg',3.0,0.0,0.0,0.0,1.0,4.0,0.75,0.0,0.25
'Tim Rooney ',1.0,0.0,0.0,0.0,0.0,1.0,1.0,0.0,0.0
 'Juan Serrano ',1.0,0.0,0.0,0.0,0.0,1.0,1.0,0.0,0.0
 'Zach Golub ',1.0,0.0,0.0,0.0,0.0,1.0,1.0,0.0,0.0
'Fernando Herrero ',1.0,0.0,0.0,0.0,2.0,3.0,0.3333333333333333,0.0,0.6666666666666666
 'Ignacio Izquierdo Saugar',1.0,0.0,0.0,0.0,0.0,1.0,1.0,0.0,0.0
 'Richard Vaughan ',1.0,0.0,0.0,0.0,0.0,1.0,1.0,0.0,0.0
 'Luis Camilleri Terrer',2.0,0.0,0.0,0.0,2.0,4.0,0.5,0.0,0.5
 'Jorge Maortua ',14.0,2.0,2.0,1.0,11.0,30.0,0.4666666666666667,0.06666666666666667,0.4666666666666667
 'Stephane Metral ',1.0,0.0,0.0,0.0,0.0,1.0,1.0,0.0,0.0
 'Jorge Zubiaga Urrestarazu',1.0,0.0,0.0,0.0,0.0,1.0,1.0,0.0,0.0
 'Juan Antonio Gmez Bul ',1.0,0.0,0.0,0.0,0.0,1.0,1.0,0.0,0.0
 'Jaime Carvajal y Urquijo ',1.0,0.0,0.0,0.0,0.0,1.0,1.0,0.0,0.0
 'Carlos Cirvide ',1.0,0.0,0.0,0.0,0.0,1.0,1.0,0.0,0.0
 'Gonzalo Artiach Louit ',1.0,0.0,0.0,0.0,0.0,1.0,1.0,0.0,0.0
 'Marisol Quintero ',1.0,0.0,0.0,0.0,0.0,1.0,1.0,0.0,0.0
 'Maurice Locher ',1.0,0.0,0.0,0.0,0.0,1.0,1.0,0.0,0.0
 'Manuel Jess Garca ',1.0,0.0,0.0,0.0,0.0,1.0,1.0,0.0,0.0
 'Juan Enrique Bleda ',1.0,0.0,0.0,0.0,0.0,1.0,1.0,0.0,0.0
 'Juan Manuel Martnez Galn ',1.0,0.0,0.0,0.0,0.0,1.0,1.0,0.0,0.0
 'Lina Ramrez ',1.0,0.0,0.0,0.0,0.0,1.0,1.0,0.0,0.0
 'Enrique Chamorro ',1.0,0.0,0.0,0.0,0.0,1.0,1.0,0.0,0.0
 'Francisco lvarez ',1.0,0.0,0.0,0.0,0.0,1.0,1.0,0.0,0.0
 'Alejandra Pastor-Peris ',1.0,0.0,0.0,0.0,0.0,1.0,1.0,0.0,0.0
 'Jaime Prez Guitin ',1.0,0.0,0.0,0.0,0.0,1.0,1.0,0.0,0.0
 'Iigo Guinea Olbarri ',1.0,0.0,0.0,0.0,0.0,1.0,1.0,0.0,0.0
 'Pilar Pamies ',1.0,0.0,0.0,0.0,0.0,1.0,1.0,0.0,0.0
'Gerald Risk',75.0,1.0,21.0,0.0,28.0,125.0,0.6,0.168,0.232
 'Angel Alvarez Cadavieco',16.0,1.0,1.0,0.0,23.0,41.0,0.3902439024390244,0.024390243902439025,0.5853658536585366
 'Guillermo Zambrano',13.0,1.0,1.0,0.0,13.0,28.0,0.4642857142857143,0.03571428571428571,0.5
 'James Donovan ',1.0,0.0,0.0,0.0,0.0,1.0,1.0,0.0,0.0
 'Roy Richards Jr. ',1.0,0.0,0.0,0.0,0.0,1.0,1.0,0.0,0.0
'Tomas Bergstrand',19.0,0.0,7.0,0.0,15.0,41.0,0.4634146341463415,0.17073170731707318,0.36585365853658536
 'John Patrick Quann ',1.0,0.0,0.0,0.0,0.0,1.0,1.0,0.0,0.0
'Matthew Brady',1.0,0.0,0.0,0.0,0.0,1.0,1.0,0.0,0.0
'Andy Wattula ',1.0,0.0,0.0,0.0,0.0,1.0,1.0,0.0,0.0
 'Ethan Rudin ',1.0,0.0,0.0,0.0,0.0,1.0,1.0,0.0,0.0
 'Ed McGovern ',1.0,0.0,0.0,0.0,0.0,1.0,1.0,0.0,0.0
 'Jaime Kiehn ',1.0,0.0,0.0,0.0,0.0,1.0,1.0,0.0,0.0
 'Sergei Kaminskiy ',1.0,0.0,0.0,0.0,0.0,1.0,1.0,0.0,0.0
'Jim Johnson',17.0,0.0,7.0,0.0,1.0,25.0,0.68,0.28,0.04
 'James Vandervelden',1.0,0.0,0.0,0.0,0.0,1.0,1.0,0.0,0.0
 'Bob Hannon',1.0,0.0,0.0,0.0,0.0,1.0,1.0,0.0,0.0
'Jackson Pan',1.0,0.0,0.0,0.0,0.0,1.0,1.0,0.0,0.0
 'Jacky Sa',1.0,0.0,0.0,0.0,0.0,1.0,1.0,0.0,0.0
 'Chris Hua',1.0,0.0,0.0,0.0,0.0,1.0,1.0,0.0,0.0
 'Gaurav Mathur',1.0,0.0,0.0,0.0,0.0,1.0,1.0,0.0,0.0
 'TJ Kaloti',1.0,0.0,0.0,0.0,0.0,1.0,1.0,0.0,0.0
 'Meng Tang',1.0,0.0,0.0,0.0,0.0,1.0,1.0,0.0,0.0
 'Philip Protomanni',1.0,0.0,0.0,0.0,0.0,1.0,1.0,0.0,0.0
 'Sumaiya Jannat',1.0,0.0,0.0,0.0,0.0,1.0,1.0,0.0,0.0
 'James MingXu Zhang',1.0,0.0,0.0,0.0,0.0,1.0,1.0,0.0,0.0
 'Amjad (A.J.) Patel',1.0,0.0,0.0,0.0,0.0,1.0,1.0,0.0,0.0
 'Jon Davies',1.0,0.0,0.0,0.0,0.0,1.0,1.0,0.0,0.0
 'Andy Mak',1.0,0.0,0.0,0.0,0.0,1.0,1.0,0.0,0.0
 'Guillermo Pendola',1.0,0.0,0.0,0.0,0.0,1.0,1.0,0.0,0.0
 'Marcio Kawassaki',1.0,0.0,0.0,0.0,0.0,1.0,1.0,0.0,0.0
 'Zulfiqar Azam',1.0,0.0,0.0,0.0,0.0,1.0,1.0,0.0,0.0
 'William Ma',1.0,0.0,0.0,0.0,0.0,1.0,1.0,0.0,0.0
 'Robert Nicolas',1.0,0.0,0.0,0.0,0.0,1.0,1.0,0.0,0.0
 'Fabio Serpa',1.0,0.0,0.0,0.0,0.0,1.0,1.0,0.0,0.0
 'Suday Jain',1.0,0.0,0.0,0.0,0.0,1.0,1.0,0.0,0.0
 'Adam Barker',1.0,0.0,0.0,0.0,0.0,1.0,1.0,0.0,0.0
 'Tony Ibarguen ',1.0,0.0,0.0,0.0,0.0,1.0,1.0,0.0,0.0
'Eric Hautemont ',1.0,0.0,0.0,0.0,0.0,1.0,1.0,0.0,0.0
'Don Nelson',1.0,0.0,0.0,0.0,0.0,1.0,1.0,0.0,0.0
 'Brad Barkin',1.0,0.0,0.0,0.0,0.0,1.0,1.0,0.0,0.0
 'Dan Kingston',1.0,0.0,0.0,0.0,0.0,1.0,1.0,0.0,0.0
 'Mark McLaughlin',1.0,0.0,0.0,0.0,2.0,3.0,0.3333333333333333,0.0,0.6666666666666666
 'Girish Pashilkar',2.0,0.0,0.0,0.0,1.0,3.0,0.6666666666666666,0.0,0.3333333333333333
 'Nick Alexos ',1.0,0.0,0.0,0.0,0.0,1.0,1.0,0.0,0.0
'Charles Winograd ',1.0,0.0,0.0,0.0,0.0,1.0,1.0,0.0,0.0
 'David Mindell ',1.0,0.0,0.0,0.0,0.0,1.0,1.0,0.0,0.0
 'George Rossolatos',1.0,0.0,0.0,0.0,0.0,1.0,1.0,0.0,0.0
 'Todd Worsley',1.0,0.0,0.0,0.0,0.0,1.0,1.0,0.0,0.0
 'David Provost ',1.0,0.0,0.0,0.0,2.0,3.0,0.3333333333333333,0.0,0.6666666666666666
 'Dennis Chookaszian',5.0,0.0,0.0,0.0,1.0,6.0,0.8333333333333334,0.0,0.16666666666666666
 'Steve Morrissette ',1.0,0.0,0.0,0.0,1.0,2.0,0.5,0.0,0.5
"""Brian O'Connor""",7.0,0.0,1.0,0.0,2.0,10.0,0.7,0.1,0.2
 'Will Daly',4.0,0.0,0.0,0.0,1.0,5.0,0.8,0.0,0.2
 'Josh Dennis',3.0,0.0,0.0,0.0,2.0,5.0,0.6,0.0,0.4
 'Rich Herrick ',4.0,0.0,0.0,0.0,1.0,5.0,0.8,0.0,0.2
 'Mark Agnew',4.0,0.0,0.0,0.0,5.0,9.0,0.4444444444444444,0.0,0.5555555555555556
 'Patrick Dickinson',4.0,0.0,0.0,0.0,1.0,5.0,0.8,0.0,0.2
 'Scott Donaldson',4.0,0.0,0.0,0.0,1.0,5.0,0.8,0.0,0.2
 'Joe Higgins ',4.0,0.0,0.0,0.0,1.0,5.0,0.8,0.0,0.2
 'Alex Hodgkin',4.0,0.0,0.0,0.0,2.0,6.0,0.6666666666666666,0.0,0.3333333333333333
 'Steven Kaplan',4.0,0.0,0.0,0.0,1.0,5.0,0.8,0.0,0.2
 'Brad Morehead ',5.0,0.0,0.0,0.0,1.0,6.0,0.8333333333333334,0.0,0.16666666666666666
 'Ellen Rudnick ',4.0,0.0,0.0,0.0,1.0,5.0,0.8,0.0,0.2
 'Alex Schneider',4.0,0.0,0.0,0.0,1.0,5.0,0.8,0.0,0.2
 'David Sulaski',4.0,0.0,0.0,0.0,1.0,5.0,0.8,0.0,0.2
 'Joel Feldmann',4.0,0.0,0.0,0.0,2.0,6.0,0.6666666666666666,0.0,0.3333333333333333
'Grant Schafle',78.0,0.0,30.0,0.0,8.0,116.0,0.6724137931034483,0.25862068965517243,0.06896551724137931
 'Frank Van Lint ',2.0,0.0,0.0,0.0,3.0,5.0,0.4,0.0,0.6
 'Andrew Savin',1.0,0.0,0.0,0.0,1.0,2.0,0.5,0.0,0.5
 'Joe Topper',1.0,0.0,0.0,0.0,0.0,1.0,1.0,0.0,0.0
 'Maura Topper ',1.0,0.0,0.0,0.0,0.0,1.0,1.0,0.0,0.0
 'Jim Vesterman',1.0,0.0,0.0,0.0,3.0,4.0,0.25,0.0,0.75
'Simon Webster',11.0,1.0,3.0,1.0,19.0,35.0,0.3142857142857143,0.08571428571428572,0.6
 'Andrew Schemmel',3.0,0.0,0.0,0.0,1.0,4.0,0.75,0.0,0.25
 'Luis Navarro ',1.0,0.0,0.0,0.0,3.0,4.0,0.25,0.0,0.75
 'Rajesh Sood ',5.0,0.0,0.0,0.0,3.0,8.0,0.625,0.0,0.375
'Nathan Tam ',1.0,0.0,0.0,0.0,0.0,1.0,1.0,0.0,0.0
 'Jordan Goodman ',1.0,0.0,0.0,0.0,0.0,1.0,1.0,0.0,0.0
 'Shamez Virani ',1.0,0.0,0.0,0.0,0.0,1.0,1.0,0.0,0.0
 'Benjie Thomas ',1.0,0.0,0.0,0.0,0.0,1.0,1.0,0.0,0.0
 'Adam Spears',1.0,0.0,0.0,0.0,0.0,1.0,1.0,0.0,0.0
 'Ari Shomair ',1.0,0.0,0.0,0.0,0.0,1.0,1.0,0.0,0.0
'Hugh Campbell',1.0,0.0,0.0,0.0,0.0,1.0,1.0,0.0,0.0
 'Bryce Phillips ',1.0,0.0,0.0,0.0,0.0,1.0,1.0,0.0,0.0
 'Andy Devereaux ',1.0,0.0,0.0,0.0,0.0,1.0,1.0,0.0,0.0
'Kevin Taweel',52.0,0.0,5.0,0.0,9.0,66.0,0.7878787878787878,0.07575757575757576,0.13636363636363635
 'Mahesh Rajasekharan',1.0,0.0,0.0,0.0,1.0,2.0,0.5,0.0,0.5
 'Brandon Nixon',1.0,0.0,0.0,0.0,0.0,1.0,1.0,0.0,0.0
 'Michael MacMillan ',1.0,0.0,0.0,0.0,0.0,1.0,1.0,0.0,0.0
 'Rick Gustafson ',2.0,0.0,0.0,0.0,6.0,8.0,0.25,0.0,0.75
 'Jake Mizrahi ',1.0,0.0,0.0,0.0,0.0,1.0,1.0,0.0,0.0
 'John Doyle',1.0,0.0,0.0,0.0,0.0,1.0,1.0,0.0,0.0
'Roderick Jones ',1.0,0.0,0.0,0.0,0.0,1.0,1.0,0.0,0.0
 'Art Harper ',1.0,0.0,0.0,0.0,0.0,1.0,1.0,0.0,0.0
 'Randy Massengale ',1.0,0.0,0.0,0.0,0.0,1.0,1.0,0.0,0.0
 'Scott Svenson ',1.0,0.0,0.0,0.0,0.0,1.0,1.0,0.0,0.0
'Mikaela Hensen ',1.0,0.0,0.0,0.0,0.0,1.0,1.0,0.0,0.0
 'Gerard Mansfield',1.0,0.0,0.0,0.0,0.0,1.0,1.0,0.0,0.0
 'Stephen Luck',1.0,0.0,0.0,0.0,0.0,1.0,1.0,0.0,0.0
 'Mario Sicilia ',6.0,1.0,0.0,0.0,4.0,11.0,0.5454545454545454,0.0,0.45454545454545453
 'Jose Antonio Fernandez Garza-Laguera ',1.0,0.0,0.0,0.0,4.0,5.0,0.2,0.0,0.8
 'Luke Hedlund',4.0,0.0,0.0,0.0,2.0,6.0,0.6666666666666666,0.0,0.3333333333333333
'Dan Mahone ',1.0,0.0,0.0,0.0,0.0,1.0,1.0,0.0,0.0
 'Jerry Korum ',1.0,0.0,0.0,0.0,0.0,1.0,1.0,0.0,0.0
 'Clyde Fossum',1.0,0.0,0.0,0.0,0.0,1.0,1.0,0.0,0.0
 'Jay Davis',20.0,2.0,2.0,0.0,43.0,67.0,0.29850746268656714,0.029850746268656716,0.6716417910447762
 'Jason Pananos',18.0,2.0,0.0,0.0,42.0,62.0,0.2903225806451613,0.0,0.7096774193548387
 'Mark Timer ',1.0,0.0,0.0,0.0,0.0,1.0,1.0,0.0,0.0
 'Mark Anderegg',4.0,0.0,1.0,0.0,7.0,12.0,0.3333333333333333,0.08333333333333333,0.5833333333333334
 'Josh Volen ',1.0,0.0,0.0,0.0,0.0,1.0,1.0,0.0,0.0
 'Thomas Malloy',1.0,0.0,0.0,0.0,0.0,1.0,1.0,0.0,0.0
 'Marcos Jorge Leon ',1.0,0.0,0.0,0.0,0.0,1.0,1.0,0.0,0.0
 'Christopher Torto ',1.0,0.0,0.0,0.0,0.0,1.0,1.0,0.0,0.0
 'Peter Wilson',4.0,0.0,0.0,0.0,0.0,4.0,1.0,0.0,0.0
 'Mario Nigro',3.0,0.0,0.0,1.0,9.0,13.0,0.23076923076923078,0.0,0.7692307692307693
 'Allan MacKenzie ',1.0,0.0,0.0,0.0,0.0,1.0,1.0,0.0,0.0
'Felipe Kuhlmann Latapi',0.0,0.0,1.0,0.0,0.0,1.0,0.0,1.0,0.0
'Len Bartolom ',14.0,0.0,3.0,0.0,11.0,28.0,0.5,0.10714285714285714,0.39285714285714285
 'Robert Smelick ',1.0,0.0,0.0,0.0,0.0,1.0,1.0,0.0,0.0
'Daniel Kracke ',1.0,0.0,0.0,0.0,0.0,1.0,1.0,0.0,0.0
 'Chelsea Virga ',1.0,0.0,0.0,0.0,0.0,1.0,1.0,0.0,0.0
 'Michael W. Hinshaw,1.0,0.0,0.0,0.0,0.0,1.0,1.0,0.0,0.0
 'James Toone',1.0,0.0,0.0,0.0,0.0,1.0,1.0,0.0,0.0
'Stephan Duggan ',1.0,0.0,0.0,0.0,0.0,1.0,1.0,0.0,0.0
'James Disher',3.0,0.0,0.0,0.0,1.0,4.0,0.75,0.0,0.25
'Girish Pashilkar',3.0,0.0,0.0,0.0,1.0,4.0,0.75,0.0,0.25
'Tom Mitura',1.0,0.0,0.0,0.0,0.0,1.0,1.0,0.0,0.0
'Jan-Henning Woitschatzke',5.0,0.0,1.0,0.0,7.0,13.0,0.38461538461538464,0.07692307692307693,0.5384615384615384
 'Harald Sommerer ',1.0,0.0,0.0,0.0,0.0,1.0,1.0,0.0,0.0
 'Tom Fencl ',1.0,0.0,0.0,0.0,0.0,1.0,1.0,0.0,0.0
'Hunter Dye',1.0,0.0,0.0,0.0,0.0,1.0,1.0,0.0,0.0
'Austin Helms ',1.0,0.0,0.0,0.0,0.0,1.0,1.0,0.0,0.0
 'Justin Mueller ',1.0,0.0,0.0,0.0,0.0,1.0,1.0,0.0,0.0
 'Macon Carroll',14.0,0.0,0.0,0.0,30.0,44.0,0.3181818181818182,0.0,0.6818181818181818
 'Tyler Tonnesen ',1.0,0.0,0.0,0.0,0.0,1.0,1.0,0.0,0.0
 'Jerome Trehy ',1.0,0.0,0.0,0.0,0.0,1.0,1.0,0.0,0.0
 'Houston Summers ',1.0,0.0,0.0,0.0,0.0,1.0,1.0,0.0,0.0
 'Sebastian Williams ',1.0,0.0,0.0,0.0,0.0,1.0,1.0,0.0,0.0
'SHARIQUE HASAN ',1.0,0.0,0.0,0.0,0.0,1.0,1.0,0.0,0.0
 'Alessio Baraldi',1.0,0.0,0.0,0.0,0.0,1.0,1.0,0.0,0.0
 'Bina Khan ',1.0,0.0,0.0,0.0,1.0,2.0,0.5,0.0,0.5
 'Ken Kirkham ',1.0,0.0,0.0,0.0,0.0,1.0,1.0,0.0,0.0
 'Leonid Vernovskiy ',1.0,0.0,0.0,0.0,0.0,1.0,1.0,0.0,0.0
 'Leonard Schlesinger ',1.0,0.0,0.0,0.0,0.0,1.0,1.0,0.0,0.0
'LAURA WITT ',1.0,0.0,0.0,0.0,0.0,1.0,1.0,0.0,0.0
 'JIM BLAYNEY ',1.0,0.0,0.0,0.0,0.0,1.0,1.0,0.0,0.0
 'GARY OLSON ',1.0,0.0,0.0,0.0,0.0,1.0,1.0,0.0,0.0
 'Jesus Lanza',2.0,0.0,0.0,0.0,0.0,2.0,1.0,0.0,0.0
 'Christophe Jungels-Winkler',1.0,0.0,0.0,0.0,0.0,1.0,1.0,0.0,0.0
'Robert Graham',1.0,0.0,0.0,0.0,4.0,5.0,0.2,0.0,0.8
 'Eli Drucker',1.0,0.0,0.0,0.0,0.0,1.0,1.0,0.0,0.0
 'Alex Stavros',5.0,0.0,0.0,0.0,2.0,7.0,0.7142857142857143,0.0,0.2857142857142857
 'Isaac Levy',3.0,0.0,1.0,0.0,0.0,4.0,0.75,0.25,0.0
 'John Shoaf',3.0,0.0,0.0,0.0,4.0,7.0,0.42857142857142855,0.0,0.5714285714285714
'Mark Anderegg',5.0,0.0,2.0,0.0,7.0,14.0,0.35714285714285715,0.14285714285714285,0.5
 'G.J. King ',1.0,1.0,0.0,0.0,21.0,23.0,0.043478260869565216,0.0,0.9565217391304348
 'Sara Rosenthal',8.0,1.0,0.0,0.0,24.0,33.0,0.24242424242424243,0.0,0.7575757575757576
 'Roberto Gmez ',1.0,0.0,0.0,0.0,0.0,1.0,1.0,0.0,0.0
 'Antonio Carranceja ',1.0,0.0,0.0,0.0,0.0,1.0,1.0,0.0,0.0
 'Jos Moreno',8.0,0.0,0.0,1.0,18.0,27.0,0.2962962962962963,0.0,0.7037037037037037
 'Thys Visser',2.0,0.0,0.0,0.0,1.0,3.0,0.6666666666666666,0.0,0.3333333333333333
 'Eduardo Machado ',2.0,0.0,0.0,0.0,0.0,2.0,1.0,0.0,0.0
 'Simon Bores ',5.0,1.0,0.0,0.0,17.0,23.0,0.21739130434782608,0.0,0.782608695652174
 'Ignacio Olavarra',3.0,0.0,0.0,0.0,15.0,18.0,0.16666666666666666,0.0,0.8333333333333334
 'Jos Luis Bernal ',2.0,1.0,0.0,0.0,0.0,3.0,0.6666666666666666,0.0,0.3333333333333333
 'Francisco Galiana ',8.0,1.0,1.0,0.0,9.0,19.0,0.42105263157894735,0.05263157894736842,0.5263157894736842
 'Jos M. Jerz ',8.0,1.0,1.0,0.0,7.0,17.0,0.47058823529411764,0.058823529411764705,0.47058823529411764
 'Marcelo Castro Zappa',11.0,2.0,2.0,1.0,13.0,29.0,0.3793103448275862,0.06896551724137931,0.5517241379310345
 'Miguel  Albero ',12.0,2.0,1.0,1.0,14.0,30.0,0.4,0.03333333333333333,0.5666666666666667
 'Miguel Angel Cestero de Francisco ',11.0,2.0,2.0,1.0,11.0,27.0,0.4074074074074074,0.07407407407407407,0.5185185185185185
'Francisco Galiana ',9.0,1.0,1.0,0.0,9.0,20.0,0.45,0.05,0.5
'Jim Edmunds',103.0,1.0,16.0,1.0,49.0,170.0,0.6058823529411764,0.09411764705882353,0.3
 'Todd Taskey',1.0,0.0,0.0,0.0,0.0,1.0,1.0,0.0,0.0
 'Parker Davis',1.0,0.0,0.0,0.0,1.0,2.0,0.5,0.0,0.5
'Wiley Curran ',1.0,0.0,0.0,0.0,0.0,1.0,1.0,0.0,0.0
 'Patrick  Curran ',1.0,0.0,0.0,0.0,0.0,1.0,1.0,0.0,0.0
 'Bill Dabbelt ',1.0,0.0,0.0,0.0,0.0,1.0,1.0,0.0,0.0
 'Allison Bridges ',1.0,0.0,0.0,0.0,0.0,1.0,1.0,0.0,0.0
 'Ron Hankins ',1.0,0.0,0.0,0.0,0.0,1.0,1.0,0.0,0.0
'Thys Visser',3.0,0.0,0.0,0.0,1.0,4.0,0.75,0.0,0.25
 'Alisher Ashurov',1.0,0.0,1.0,0.0,3.0,5.0,0.2,0.2,0.6
 'Ricardo Kanitz ',2.0,0.0,0.0,0.0,2.0,4.0,0.5,0.0,0.5
 'Paulo Dalla Nora ',1.0,0.0,0.0,0.0,0.0,1.0,1.0,0.0,0.0
 'Rachel Horta ',1.0,0.0,0.0,0.0,0.0,1.0,1.0,0.0,0.0
 'Fernando Moreira ',1.0,0.0,0.0,0.0,0.0,1.0,1.0,0.0,0.0
 'Eduardo Paoliello ',1.0,0.0,0.0,0.0,0.0,1.0,1.0,0.0,0.0
'Scott Alderman',46.0,0.0,12.0,1.0,32.0,91.0,0.5054945054945055,0.13186813186813187,0.3626373626373626
 'Heather Payne',1.0,0.0,0.0,0.0,0.0,1.0,1.0,0.0,0.0
 'Kristoff Puelinckx',1.0,0.0,0.0,0.0,7.0,8.0,0.125,0.0,0.875
 'Lucas Marulanda ',1.0,0.0,0.0,0.0,0.0,1.0,1.0,0.0,0.0
 'Pedro Meja ',1.0,0.0,0.0,0.0,0.0,1.0,1.0,0.0,0.0
 'Mauricio Saldarriaga ',1.0,0.0,0.0,0.0,0.0,1.0,1.0,0.0,0.0
'Jason Hull',4.0,0.0,0.0,0.0,0.0,4.0,1.0,0.0,0.0
 'David Slenzak',4.0,0.0,0.0,0.0,0.0,4.0,1.0,0.0,0.0
 'John Bingaman',2.0,0.0,0.0,0.0,7.0,9.0,0.2222222222222222,0.0,0.7777777777777778
'Blake Winchell ',11.0,0.0,0.0,0.0,6.0,17.0,0.6470588235294118,0.0,0.35294117647058826
 'Claudio Schreier ',1.0,0.0,0.0,0.0,0.0,1.0,1.0,0.0,0.0
 'Jose Luiz Pinto ',1.0,0.0,0.0,0.0,0.0,1.0,1.0,0.0,0.0
 'Raphael Klein ',1.0,0.0,0.0,0.0,1.0,2.0,0.5,0.0,0.5
 'Jorge Fergie ',1.0,0.0,0.0,0.0,0.0,1.0,1.0,0.0,0.0
'Rene Lajous',58.0,0.0,18.0,0.0,18.0,94.0,0.6170212765957447,0.19148936170212766,0.19148936170212766
 'Charles Anderson',3.0,0.0,0.0,0.0,0.0,3.0,1.0,0.0,0.0
 'Tom Hendrickx',1.0,0.0,0.0,0.0,4.0,5.0,0.2,0.0,0.8
 'Newton M. Campos',1.0,0.0,0.0,0.0,1.0,2.0,0.5,0.0,0.5
 'Eduardo Musa',1.0,0.0,0.0,0.0,1.0,2.0,0.5,0.0,0.5
 'Jeff Montagna',1.0,0.0,0.0,0.0,1.0,2.0,0.5,0.0,0.5
'Mark Sinatra',3.0,0.0,0.0,0.0,11.0,14.0,0.21428571428571427,0.0,0.7857142857142857
 'Jason Hull',1.0,0.0,0.0,0.0,0.0,1.0,1.0,0.0,0.0
 'Patrick Robbins ',1.0,0.0,0.0,0.0,0.0,1.0,1.0,0.0,0.0
'Gideon Argov ',1.0,0.0,0.0,0.0,0.0,1.0,1.0,0.0,0.0
'Guillermo Zambrano',17.0,1.0,1.0,0.0,24.0,43.0,0.3953488372093023,0.023255813953488372,0.5813953488372093
'Jordan Tate',1.0,0.0,0.0,0.0,0.0,1.0,1.0,0.0,0.0
'Brian McDonald ',1.0,0.0,0.0,0.0,0.0,1.0,1.0,0.0,0.0
 'Ari Medoff',1.0,0.0,0.0,0.0,1.0,2.0,0.5,0.0,0.5
'Avi Sharma',1.0,0.0,0.0,0.0,0.0,1.0,1.0,0.0,0.0
 'Jovanny Casillas',1.0,0.0,0.0,0.0,0.0,1.0,1.0,0.0,0.0
'Santiago Perez Teuffer',4.0,0.0,0.0,0.0,3.0,7.0,0.5714285714285714,0.0,0.42857142857142855
'John Bingaman',3.0,0.0,0.0,0.0,7.0,10.0,0.3,0.0,0.7
'Matt Estep',7.0,0.0,4.0,1.0,8.0,20.0,0.35,0.2,0.45
 'Joseph Thompson ',1.0,0.0,0.0,0.0,0.0,1.0,1.0,0.0,0.0
 'Jason Soriano ',1.0,0.0,0.0,0.0,0.0,1.0,1.0,0.0,0.0
'Jose M Cabiedes ',11.0,0.0,3.0,1.0,32.0,47.0,0.23404255319148937,0.06382978723404255,0.7021276595744681
'Badge Stone',23.0,0.0,2.0,0.0,35.0,60.0,0.38333333333333336,0.03333333333333333,0.5833333333333334
'Jos M. Jerz ',9.0,1.0,1.0,0.0,7.0,18.0,0.5,0.05555555555555555,0.4444444444444444
 'Alfredo Sucre',1.0,0.0,0.0,0.0,0.0,1.0,1.0,0.0,0.0
 'Max  Monks',1.0,0.0,0.0,0.0,0.0,1.0,1.0,0.0,0.0
 'Fernando Pardo ',1.0,0.0,0.0,0.0,0.0,1.0,1.0,0.0,0.0
 'Jess Alonso Gallo ',1.0,0.0,0.0,0.0,0.0,1.0,1.0,0.0,0.0
 'Jos Manuel Cifuentes Cortegaza',1.0,0.0,0.0,0.0,0.0,1.0,1.0,0.0,0.0
'Marcelo Castro Zappa',12.0,2.0,2.0,1.0,13.0,30.0,0.4,0.06666666666666667,0.5333333333333333
 'Alfonso Barandiarn ',3.0,0.0,0.0,0.0,5.0,8.0,0.375,0.0,0.625
 'Fabian Rodriguez ',1.0,0.0,0.0,0.0,0.0,1.0,1.0,0.0,0.0
 'Roberto Pinilla ',1.0,0.0,0.0,0.0,0.0,1.0,1.0,0.0,0.0
 'Carlos Padula ',1.0,0.0,0.0,0.0,0.0,1.0,1.0,0.0,0.0
 'David Luttrell',2.0,0.0,0.0,0.0,1.0,3.0,0.6666666666666666,0.0,0.3333333333333333
'Mark Phillips',1.0,0.0,0.0,0.0,0.0,1.0,1.0,0.0,0.0
 'Jeremiah Hillebrand',1.0,0.0,0.0,0.0,0.0,1.0,1.0,0.0,0.0
 'Jiayue (Celine) Wang ',1.0,0.0,0.0,0.0,0.0,1.0,1.0,0.0,0.0
'Benjamin Smith ',1.0,0.0,0.0,0.0,0.0,1.0,1.0,0.0,0.0
 'Kurt Leedy',3.0,0.0,0.0,0.0,17.0,20.0,0.15,0.0,0.85
 'Kyle Coots',3.0,0.0,0.0,0.0,9.0,12.0,0.25,0.0,0.75
 'Scott Bagley',1.0,0.0,0.0,0.0,0.0,1.0,1.0,0.0,0.0
 'Mike Berry ',1.0,0.0,0.0,0.0,0.0,1.0,1.0,0.0,0.0
 'Frost Prioleau',1.0,0.0,0.0,0.0,0.0,1.0,1.0,0.0,0.0
 'Rusty Reid ',1.0,0.0,0.0,0.0,0.0,1.0,1.0,0.0,0.0
 'George Young ',1.0,0.0,0.0,0.0,0.0,1.0,1.0,0.0,0.0
'Jay Luby ',1.0,0.0,0.0,0.0,0.0,1.0,1.0,0.0,0.0
 'Johannes Zwick',1.0,0.0,0.0,0.0,1.0,2.0,0.5,0.0,0.5
 'Brad Batten',1.0,0.0,0.0,0.0,1.0,2.0,0.5,0.0,0.5
'Ricardo Kanitz ',3.0,0.0,0.0,0.0,2.0,5.0,0.6,0.0,0.4
 'Rafael Bassani',2.0,0.0,0.0,0.0,4.0,6.0,0.3333333333333333,0.0,0.6666666666666666
 'Renato Abissamra',1.0,0.0,0.0,0.0,1.0,2.0,0.5,0.0,0.5
 'Claudio Palaia ',1.0,0.0,0.0,0.0,0.0,1.0,1.0,0.0,0.0
 'Aaron Perrine',3.0,0.0,0.0,0.0,14.0,17.0,0.17647058823529413,0.0,0.8235294117647058
 'Andy Dale',1.0,0.0,0.0,0.0,1.0,2.0,0.5,0.0,0.5
 'Steve Lau ',9.0,1.0,0.0,0.0,15.0,25.0,0.36,0.0,0.64
 'Rameez Ansari ',9.0,1.0,0.0,0.0,13.0,23.0,0.391304347826087,0.0,0.6086956521739131
 'Tiffany Augustyn',4.0,0.0,0.0,0.0,16.0,20.0,0.2,0.0,0.8
 'Andrew Provost',1.0,0.0,0.0,0.0,2.0,3.0,0.3333333333333333,0.0,0.6666666666666666
 'Michael Arblaster',1.0,0.0,0.0,0.0,2.0,3.0,0.3333333333333333,0.0,0.6666666666666666
 'Chris Panagiotopoulos ',1.0,0.0,0.0,0.0,0.0,1.0,1.0,0.0,0.0
 'Mark Sinatra',1.0,0.0,0.0,0.0,8.0,9.0,0.1111111111111111,0.0,0.8888888888888888
'Philip Kurtz ',1.0,0.0,0.0,0.0,0.0,1.0,1.0,0.0,0.0
 'William Paiva ',1.0,0.0,0.0,0.0,0.0,1.0,1.0,0.0,0.0
'Jean-Cyrille Droin',1.0,0.0,0.0,0.0,4.0,5.0,0.2,0.0,0.8
'Craig Jones',9.0,0.0,2.0,0.0,6.0,17.0,0.5294117647058824,0.11764705882352941,0.35294117647058826
 'George Jankovic',1.0,0.0,0.0,0.0,9.0,10.0,0.1,0.0,0.9
 'Ned Tomasevic',1.0,0.0,1.0,0.0,6.0,8.0,0.125,0.125,0.75
'Jos Moreno',10.0,0.0,0.0,1.0,31.0,42.0,0.23809523809523808,0.0,0.7619047619047619
 'Tobias Raeber ',3.0,0.0,0.0,0.0,8.0,11.0,0.2727272727272727,0.0,0.7272727272727273
 'Kevin Oxendine',2.0,1.0,0.0,0.0,15.0,18.0,0.1111111111111111,0.0,0.8888888888888888
 'ALEX WANG ',1.0,0.0,0.0,0.0,0.0,1.0,1.0,0.0,0.0
 'CHRIS JENKINS ',1.0,0.0,0.0,0.0,2.0,3.0,0.3333333333333333,0.0,0.6666666666666666
 'Derrick McIver ',1.0,0.0,0.0,0.0,0.0,1.0,1.0,0.0,0.0
 'Douglas Lepisto ',1.0,0.0,0.0,0.0,0.0,1.0,1.0,0.0,0.0
 'Alon Amar',2.0,0.0,0.0,0.0,7.0,9.0,0.2222222222222222,0.0,0.7777777777777778
'Jon Piurko',1.0,0.0,0.0,1.0,7.0,9.0,0.1111111111111111,0.0,0.8888888888888888
 'Bob Peacock',1.0,0.0,0.0,0.0,0.0,1.0,1.0,0.0,0.0
 'Michael Bennett',1.0,0.0,0.0,0.0,1.0,2.0,0.5,0.0,0.5
 'Carsten Schemmel',1.0,0.0,0.0,0.0,5.0,6.0,0.16666666666666666,0.0,0.8333333333333334
'Tiffany Clay',1.0,0.0,0.0,0.0,1.0,2.0,0.5,0.0,0.5
 'Vince Vo ',1.0,0.0,0.0,0.0,5.0,6.0,0.16666666666666666,0.0,0.8333333333333334
 'Mike Mahre ',1.0,0.0,0.0,0.0,5.0,6.0,0.16666666666666666,0.0,0.8333333333333334
'Larry Dunn',89.0,1.0,30.0,3.0,30.0,153.0,0.5816993464052288,0.19607843137254902,0.2222222222222222
 'Lucas Braun',2.0,2.0,0.0,0.0,19.0,23.0,0.08695652173913043,0.0,0.9130434782608695
 'Ryan Robinson ',3.0,2.0,0.0,0.0,16.0,21.0,0.14285714285714285,0.0,0.8571428571428571
'Lucas Braun',3.0,2.0,0.0,0.0,19.0,24.0,0.125,0.0,0.875
 'Tyler Coats',1.0,0.0,0.0,0.0,2.0,3.0,0.3333333333333333,0.0,0.6666666666666666
 'James Feuille ',1.0,0.0,0.0,0.0,0.0,1.0,1.0,0.0,0.0
 'Saumil Jariwala',1.0,0.0,0.0,0.0,8.0,9.0,0.1111111111111111,0.0,0.8888888888888888
 'Santiago Perez Teuffer',2.0,0.0,0.0,0.0,2.0,4.0,0.5,0.0,0.5
 'Javier Paez',2.0,0.0,0.0,0.0,10.0,12.0,0.16666666666666666,0.0,0.8333333333333334
 'Alexander Saller',1.0,0.0,0.0,0.0,4.0,5.0,0.2,0.0,0.8
 'Alex Gelman',1.0,1.0,0.0,0.0,12.0,14.0,0.07142857142857142,0.0,0.9285714285714286
 'Josh LeBrun',1.0,0.0,0.0,0.0,1.0,2.0,0.5,0.0,0.5
 'Glen Silvestri',1.0,0.0,0.0,0.0,7.0,8.0,0.125,0.0,0.875
 'Neal Jacobs',1.0,1.0,0.0,0.0,8.0,10.0,0.1,0.0,0.9
'Sam Rosati',2.0,0.0,0.0,0.0,0.0,2.0,1.0,0.0,0.0
 'Lawrence Dunn ',1.0,0.0,0.0,0.0,11.0,12.0,0.08333333333333333,0.0,0.9166666666666666
 'Hunter trust ',1.0,0.0,0.0,0.0,0.0,1.0,1.0,0.0,0.0
 'Daniel Turkel ',1.0,0.0,0.0,0.0,2.0,3.0,0.3333333333333333,0.0,0.6666666666666666
 'Jojo Rabinowitz ',1.0,0.0,0.0,0.0,2.0,3.0,0.3333333333333333,0.0,0.6666666666666666
 'Aryeh Mernick ',1.0,0.0,0.0,0.0,2.0,3.0,0.3333333333333333,0.0,0.6666666666666666
 'Stephanie Warner ',1.0,0.0,0.0,0.0,3.0,4.0,0.25,0.0,0.75
'Zack Huffstutter',1.0,0.0,0.0,0.0,0.0,1.0,1.0,0.0,0.0
'Andy Preikschat',1.0,0.0,0.0,0.0,0.0,1.0,1.0,0.0,0.0
 'Jeff Reamer',1.0,0.0,0.0,0.0,0.0,1.0,1.0,0.0,0.0
 'Trevor Forbes',1.0,0.0,0.0,0.0,3.0,4.0,0.25,0.0,0.75
 'Troy Porras',1.0,0.0,0.0,0.0,3.0,4.0,0.25,0.0,0.75
 'Isabelle King',1.0,0.0,0.0,0.0,0.0,1.0,1.0,0.0,0.0
"'John ""Jack"" Neal'",0.0,0.0,0.0,0.0,1.0,1.0,0.0,0.0,1.0
 'Gokce Kabatepe ',0.0,0.0,0.0,0.0,1.0,1.0,0.0,0.0,1.0
 'Vice Admiral William ',0.0,0.0,0.0,0.0,1.0,1.0,0.0,0.0,1.0
 'Fatih Isbecer ',0.0,0.0,0.0,0.0,1.0,1.0,0.0,0.0,1.0
 ' John P. McDaniel ',0.0,0.0,0.0,0.0,1.0,1.0,0.0,0.0,1.0
'Elena Trukhina',0.0,0.0,0.0,0.0,2.0,2.0,0.0,0.0,1.0
 'Christian Malek',0.0,0.0,0.0,0.0,1.0,1.0,0.0,0.0,1.0
'Kat JY Chen ',0.0,0.0,0.0,0.0,1.0,1.0,0.0,0.0,1.0
 'John Lee ',0.0,0.0,0.0,0.0,1.0,1.0,0.0,0.0,1.0
 'Onur Demir',0.0,0.0,0.0,0.0,1.0,1.0,0.0,0.0,1.0
'Mahesh Rajasekharan',1.0,0.0,0.0,0.0,2.0,3.0,0.3333333333333333,0.0,0.6666666666666666
 'Bradford Freeman ',0.0,0.0,0.0,0.0,2.0,2.0,0.0,0.0,1.0
 'Ronald Spogli ',0.0,0.0,0.0,0.0,2.0,2.0,0.0,0.0,1.0
 'Mike Rozenfeld',0.0,0.0,0.0,0.0,1.0,1.0,0.0,0.0,1.0
'Isaac Chalal ',0.0,0.0,1.0,0.0,0.0,1.0,0.0,1.0,0.0
 'Timur Colak ',0.0,0.0,1.0,0.0,0.0,1.0,0.0,1.0,0.0
 'Ralph Lawson ',0.0,0.0,1.0,0.0,0.0,1.0,0.0,1.0,0.0
" ""David O'Shaughnessey""",0.0,0.0,1.0,0.0,0.0,1.0,0.0,1.0,0.0
 'Maja Silwinski ',0.0,0.0,1.0,0.0,0.0,1.0,0.0,1.0,0.0
 'Clint Smith ',0.0,0.0,1.0,0.0,0.0,1.0,0.0,1.0,0.0
" 'William  ""Bill"" Wallach '",0.0,0.0,1.0,0.0,0.0,1.0,0.0,1.0,0.0
 'Chris Lueck',0.0,0.0,0.0,0.0,7.0,7.0,0.0,0.0,1.0
 'Richard Lin',0.0,0.0,0.0,0.0,1.0,1.0,0.0,0.0,1.0
'Ben Lee',0.0,0.0,0.0,0.0,2.0,2.0,0.0,0.0,1.0
'Felix Cardenas ',0.0,0.0,0.0,0.0,1.0,1.0,0.0,0.0,1.0
 'NEIL CHHEDA ',0.0,0.0,0.0,0.0,1.0,1.0,0.0,0.0,1.0
 'TYLER LEVIN ',0.0,0.0,0.0,0.0,1.0,1.0,0.0,0.0,1.0
 'SEAN SLOVENSKI ',0.0,0.0,0.0,0.0,1.0,1.0,0.0,0.0,1.0
 'JUSTIN TREITZ ',0.0,0.0,0.0,0.0,1.0,1.0,0.0,0.0,1.0
'Kyle Coots',3.0,0.0,0.0,0.0,11.0,14.0,0.21428571428571427,0.0,0.7857142857142857
'James Futrell ',0.0,0.0,0.0,0.0,1.0,1.0,0.0,0.0,1.0
 'Neil Auerbach',0.0,0.0,1.0,0.0,0.0,1.0,0.0,1.0,0.0
 'Wilson Chang',0.0,0.0,1.0,0.0,0.0,1.0,0.0,1.0,0.0
 'Joshua Goldberg ',0.0,0.0,1.0,0.0,0.0,1.0,0.0,1.0,0.0
 'Guillermo Lavergne',0.0,0.0,0.0,0.0,1.0,1.0,0.0,0.0,1.0
 'Daniel Fernandez ',0.0,0.0,0.0,0.0,3.0,3.0,0.0,0.0,1.0
 'JAIME ALATORRE BENARD ',0.0,0.0,0.0,0.0,2.0,2.0,0.0,0.0,1.0
 'MARIO SICILIA BENARD ',0.0,0.0,0.0,0.0,2.0,2.0,0.0,0.0,1.0
 'SANTIAGO PEREZ TEUFFER L ',0.0,0.0,0.0,0.0,2.0,2.0,0.0,0.0,1.0
 'JAMES TURNER ',0.0,0.0,0.0,0.0,1.0,1.0,0.0,0.0,1.0
'Rameez Ansari ',9.0,1.0,0.0,0.0,16.0,26.0,0.34615384615384615,0.0,0.6538461538461539
'Jim Perry ',12.0,0.0,3.0,0.0,3.0,18.0,0.6666666666666666,0.16666666666666666,0.16666666666666666
 'Constantine Alexandrakis ',0.0,0.0,0.0,0.0,1.0,1.0,0.0,0.0,1.0
 'Andrew Worth ',0.0,0.0,0.0,0.0,1.0,1.0,0.0,0.0,1.0
 'Jason Ficken ',0.0,0.0,0.0,0.0,1.0,1.0,0.0,0.0,1.0
" ""Nick O'Neill """,0.0,0.0,0.0,0.0,1.0,1.0,0.0,0.0,1.0
'Alex Puthumana',0.0,0.0,0.0,0.0,1.0,1.0,0.0,0.0,1.0
 'LOUIS KONIG ',0.0,0.0,0.0,0.0,1.0,1.0,0.0,0.0,1.0
'Alfonso Blohm',6.0,0.0,0.0,0.0,6.0,12.0,0.5,0.0,0.5
 'Sidney Sommer',0.0,0.0,0.0,0.0,2.0,2.0,0.0,0.0,1.0
 'Niel Wyma',0.0,0.0,0.0,1.0,8.0,9.0,0.0,0.0,1.0
 'Andrew Locke',0.0,0.0,0.0,1.0,8.0,9.0,0.0,0.0,1.0
 'Rob LeBlanc',0.0,0.0,0.0,1.0,9.0,10.0,0.0,0.0,1.0
 'Lew Davies ',0.0,0.0,0.0,0.0,3.0,3.0,0.0,0.0,1.0
 'Thomas Webster ',0.0,0.0,0.0,0.0,1.0,1.0,0.0,0.0,1.0
 'Jon Piurko',0.0,0.0,0.0,1.0,6.0,7.0,0.0,0.0,1.0
'Kari Vatka ',0.0,0.0,0.0,0.0,1.0,1.0,0.0,0.0,1.0
 'Dustin Campbell',0.0,0.0,1.0,0.0,0.0,1.0,0.0,1.0,0.0
'Greg Geronemus',0.0,0.0,0.0,0.0,4.0,4.0,0.0,0.0,1.0
 'David Rosner ',0.0,0.0,0.0,0.0,4.0,4.0,0.0,0.0,1.0
 'Jim Murray ',0.0,0.0,1.0,0.0,0.0,1.0,0.0,1.0,0.0
'David Lazier',70.0,0.0,14.0,0.0,17.0,101.0,0.693069306930693,0.13861386138613863,0.16831683168316833
 'Jonathan Yellen',0.0,0.0,0.0,0.0,2.0,2.0,0.0,0.0,1.0
 'Alex Wang',0.0,0.0,0.0,0.0,6.0,6.0,0.0,0.0,1.0
 'Christopher Jenkins',0.0,0.0,0.0,0.0,3.0,3.0,0.0,0.0,1.0
 'Jaime DeYoung ',0.0,0.0,0.0,0.0,1.0,1.0,0.0,0.0,1.0
 'Hannah Dodson',0.0,0.0,0.0,0.0,1.0,1.0,0.0,0.0,1.0
 'Bob McLean ',0.0,0.0,1.0,0.0,0.0,1.0,0.0,1.0,0.0
 'Stefan Vitorovic ',0.0,0.0,1.0,0.0,0.0,1.0,0.0,1.0,0.0
'Doug McGregor ',0.0,0.0,1.0,0.0,0.0,1.0,0.0,1.0,0.0
'Dan Curtin ',0.0,0.0,0.0,0.0,1.0,1.0,0.0,0.0,1.0
 'Richard Lan ',0.0,0.0,0.0,0.0,1.0,1.0,0.0,0.0,1.0
 'Wesley Lang ',0.0,0.0,0.0,0.0,1.0,1.0,0.0,0.0,1.0
 'Robert Manzo ',0.0,0.0,0.0,0.0,1.0,1.0,0.0,0.0,1.0
 'Michael McCain ',0.0,0.0,0.0,0.0,1.0,1.0,0.0,0.0,1.0
 'Kevin McMahon ',0.0,0.0,0.0,0.0,1.0,1.0,0.0,0.0,1.0
 'James Burwell ',0.0,0.0,1.0,0.0,0.0,1.0,0.0,1.0,0.0
 'Tuan Le ',0.0,0.0,1.0,0.0,0.0,1.0,0.0,1.0,0.0
 'Johnnie Walters ',0.0,0.0,1.0,0.0,0.0,1.0,0.0,1.0,0.0
'Eli Drucker',1.0,0.0,0.0,0.0,3.0,4.0,0.25,0.0,0.75
 'Robert Graham',0.0,0.0,0.0,0.0,4.0,4.0,0.0,0.0,1.0
 'Frank van Lint',0.0,0.0,0.0,0.0,1.0,1.0,0.0,0.0,1.0
 'JACK WARNOCK ',0.0,0.0,0.0,0.0,1.0,1.0,0.0,0.0,1.0
'Amandeep Singh',0.0,0.0,0.0,1.0,0.0,1.0,0.0,0.0,1.0
 'Amit Katarya',0.0,0.0,0.0,0.0,4.0,4.0,0.0,0.0,1.0
 'Kenneth Krajewski',0.0,0.0,0.0,0.0,4.0,4.0,0.0,0.0,1.0
 'Andreas Bodmeier',0.0,0.0,0.0,0.0,2.0,2.0,0.0,0.0,1.0
 'Liroy Haddad ',0.0,0.0,0.0,0.0,4.0,4.0,0.0,0.0,1.0
 'Dan Chetrit',0.0,0.0,0.0,0.0,4.0,4.0,0.0,0.0,1.0
 'Craig Cogut ',0.0,0.0,0.0,0.0,1.0,1.0,0.0,0.0,1.0
 'David Cogut ',0.0,0.0,0.0,0.0,1.0,1.0,0.0,0.0,1.0
 'Joel Haney ',0.0,0.0,0.0,0.0,1.0,1.0,0.0,0.0,1.0
'Duane Phillips ',2.0,0.0,0.0,0.0,6.0,8.0,0.25,0.0,0.75
 'Mark MacPherson ',0.0,0.0,0.0,0.0,1.0,1.0,0.0,0.0,1.0
 'Neil Mohammed ',0.0,0.0,0.0,0.0,1.0,1.0,0.0,0.0,1.0
'Dave Carver ',0.0,0.0,0.0,0.0,13.0,13.0,0.0,0.0,1.0
 'Manish Jindal',0.0,0.0,0.0,0.0,6.0,6.0,0.0,0.0,1.0
 'Mauricio Camargo ',0.0,0.0,0.0,0.0,1.0,1.0,0.0,0.0,1.0
 'Franc Gmez-Landero',0.0,0.0,0.0,0.0,6.0,6.0,0.0,0.0,1.0
 'Moudi (Mordechai) Ben Shach ',0.0,0.0,0.0,0.0,2.0,2.0,0.0,0.0,1.0
 'Mara Castillo ',0.0,0.0,0.0,0.0,1.0,1.0,0.0,0.0,1.0
 'Maria Healy ',0.0,0.0,0.0,0.0,1.0,1.0,0.0,0.0,1.0
 'Jos Barreiro ',0.0,0.0,0.0,0.0,4.0,4.0,0.0,0.0,1.0
 'Daniel Losantos ',0.0,0.0,0.0,0.0,1.0,1.0,0.0,0.0,1.0
 'Felipe Garca Quiros ',0.0,0.0,0.0,0.0,3.0,3.0,0.0,0.0,1.0
 'Ignacio Alonso ',0.0,0.0,0.0,0.0,3.0,3.0,0.0,0.0,1.0
 'Rui Stoffel Fernandes',0.0,0.0,0.0,0.0,1.0,1.0,0.0,0.0,1.0
 'Rui Filinto Stoffel ',0.0,0.0,0.0,0.0,1.0,1.0,0.0,0.0,1.0
 'Joao Coelho Borges ',0.0,0.0,0.0,0.0,1.0,1.0,0.0,0.0,1.0
 'Alberto Knapp Bjeren ',0.0,0.0,0.0,0.0,1.0,1.0,0.0,0.0,1.0
 'Jochen Klemmer ',0.0,0.0,0.0,0.0,2.0,2.0,0.0,0.0,1.0
 'Dr. Thomas Bhler',0.0,0.0,0.0,0.0,5.0,5.0,0.0,0.0,1.0
 'Gernot Eisinger ',0.0,0.0,0.0,0.0,2.0,2.0,0.0,0.0,1.0
 'Matthew Fairfield ',0.0,0.0,0.0,0.0,1.0,1.0,0.0,0.0,1.0
 'Chase Jardine',0.0,0.0,0.0,0.0,3.0,3.0,0.0,0.0,1.0
 'Kirill Gelman ',0.0,0.0,0.0,0.0,2.0,2.0,0.0,0.0,1.0
 'Max Artz',0.0,0.0,0.0,0.0,6.0,6.0,0.0,0.0,1.0
 'Richard Ruback ',0.0,0.0,0.0,0.0,1.0,1.0,0.0,0.0,1.0
 'Ian Cahn-Fuller',0.0,0.0,0.0,0.0,1.0,1.0,0.0,0.0,1.0
'Timothy Cosulich ',0.0,0.0,0.0,0.0,1.0,1.0,0.0,0.0,1.0
 'Luis Olaso ',0.0,0.0,0.0,0.0,1.0,1.0,0.0,0.0,1.0
 'Yeok Kooi ',0.0,0.0,0.0,0.0,1.0,1.0,0.0,0.0,1.0
 'Saray Muoz ',0.0,0.0,0.0,0.0,1.0,1.0,0.0,0.0,1.0
 'Alvaro Arguelles ',0.0,0.0,0.0,0.0,1.0,1.0,0.0,0.0,1.0
 'Luis Vazquez ',0.0,0.0,0.0,0.0,1.0,1.0,0.0,0.0,1.0
 'Keith Burns',0.0,0.0,0.0,0.0,2.0,2.0,0.0,0.0,1.0
 'Michael Curry',0.0,0.0,0.0,0.0,2.0,2.0,0.0,0.0,1.0
 'Nick Mansour',0.0,0.0,0.0,0.0,2.0,2.0,0.0,0.0,1.0
'Andr Roberto Jakurski ',0.0,0.0,0.0,0.0,1.0,1.0,0.0,0.0,1.0
 'Grupo Olsix ',0.0,0.0,0.0,0.0,1.0,1.0,0.0,0.0,1.0
 ' Guilherme Affonso Ferreira ',0.0,0.0,0.0,0.0,1.0,1.0,0.0,0.0,1.0
 'Peter George ODonnell ',0.0,0.0,0.0,0.0,1.0,1.0,0.0,0.0,1.0
 'John Harbison ',0.0,0.0,0.0,0.0,1.0,1.0,0.0,0.0,1.0
 'Josh Nevin',0.0,0.0,0.0,0.0,1.0,1.0,0.0,0.0,1.0
 'Walker Hobson',0.0,0.0,0.0,0.0,10.0,10.0,0.0,0.0,1.0
 'Ted Baxa',0.0,0.0,0.0,0.0,8.0,8.0,0.0,0.0,1.0
 'George Vankovic ',0.0,0.0,0.0,0.0,1.0,1.0,0.0,0.0,1.0
'Juan Luis Manaute',0.0,0.0,0.0,0.0,5.0,5.0,0.0,0.0,1.0
 'Malcom Macintyre',0.0,0.0,1.0,0.0,0.0,1.0,0.0,1.0,0.0
 'Marc Rowan ',0.0,0.0,1.0,0.0,0.0,1.0,0.0,1.0,0.0
 'Parag Pande',0.0,0.0,1.0,0.0,0.0,1.0,0.0,1.0,0.0
'Garnett Broy ',0.0,0.0,1.0,0.0,0.0,1.0,0.0,1.0,0.0
 'Matthew Schifberg ',0.0,0.0,1.0,0.0,0.0,1.0,0.0,1.0,0.0
 'Patrick Atwood',0.0,0.0,1.0,0.0,0.0,1.0,0.0,1.0,0.0
 'Adam van Heyligers ',0.0,0.0,1.0,0.0,0.0,1.0,0.0,1.0,0.0
 'Philip Vainikos',0.0,0.0,1.0,0.0,0.0,1.0,0.0,1.0,0.0
 'Radhika Jain ',0.0,0.0,1.0,0.0,0.0,1.0,0.0,1.0,0.0
 'JR De Agostini',0.0,0.0,0.0,0.0,5.0,5.0,0.0,0.0,1.0
 'Dave Carver ',0.0,0.0,0.0,0.0,10.0,10.0,0.0,0.0,1.0
 'Thomas Ball ',0.0,0.0,0.0,0.0,3.0,3.0,0.0,0.0,1.0
 'Kirk Reidinger ',0.0,0.0,0.0,0.0,1.0,1.0,0.0,0.0,1.0
 'Jason Wang ',0.0,0.0,0.0,0.0,1.0,1.0,0.0,0.0,1.0
 'Chris Kunzi ',0.0,0.0,0.0,0.0,1.0,1.0,0.0,0.0,1.0
 'Jeffrey Gelles ',0.0,0.0,1.0,0.0,0.0,1.0,0.0,1.0,0.0
 'John Kissick ',0.0,0.0,1.0,0.0,0.0,1.0,0.0,1.0,0.0
 'John Kleinheinz ',0.0,0.0,1.0,0.0,0.0,1.0,0.0,1.0,0.0
 'George Peyton ',0.0,0.0,1.0,0.0,0.0,1.0,0.0,1.0,0.0
 'Jeff Serota ',0.0,0.0,1.0,0.0,0.0,1.0,0.0,1.0,0.0
 'Stephen King ',0.0,0.0,1.0,0.0,0.0,1.0,0.0,1.0,0.0
 'Thomas Schulz',0.0,0.0,0.0,0.0,2.0,2.0,0.0,0.0,1.0
 'Philipp Schaelli ',0.0,0.0,1.0,0.0,0.0,1.0,0.0,1.0,0.0
 'Paul Kalmbach',0.0,0.0,1.0,0.0,0.0,1.0,0.0,1.0,0.0
 'Ted Keith ',0.0,0.0,1.0,0.0,0.0,1.0,0.0,1.0,0.0
 'Brian McCafferty ',0.0,0.0,1.0,0.0,0.0,1.0,0.0,1.0,0.0
 'Robert Ratcliff ',0.0,0.0,1.0,0.0,0.0,1.0,0.0,1.0,0.0
 'PJ Nora ',0.0,0.0,1.0,0.0,0.0,1.0,0.0,1.0,0.0
 'Marc Bartomeus',0.0,0.0,0.0,0.0,9.0,9.0,0.0,0.0,1.0
 'Daniel Palacios',0.0,1.0,0.0,0.0,4.0,5.0,0.0,0.0,1.0
 'Judd Belstock',0.0,0.0,0.0,0.0,1.0,1.0,0.0,0.0,1.0
 'Jon Kaplan',0.0,0.0,0.0,0.0,1.0,1.0,0.0,0.0,1.0
 'Paul Schlagenhauf',0.0,0.0,0.0,0.0,1.0,1.0,0.0,0.0,1.0
 'Will Bermender',0.0,0.0,1.0,0.0,0.0,1.0,0.0,1.0,0.0
 'Franc Gomez-Landero',0.0,0.0,0.0,0.0,1.0,1.0,0.0,0.0,1.0
 'Guido Verswijvel',0.0,0.0,0.0,0.0,3.0,3.0,0.0,0.0,1.0
 'Viren Lala',0.0,0.0,0.0,0.0,3.0,3.0,0.0,0.0,1.0
 'Matthias Knaur',0.0,0.0,0.0,0.0,2.0,2.0,0.0,0.0,1.0
 'Ivan Pea ',0.0,0.0,0.0,0.0,1.0,1.0,0.0,0.0,1.0
 'Roger Soler ',0.0,0.0,0.0,0.0,1.0,1.0,0.0,0.0,1.0
'Aaron Blick',0.0,0.0,0.0,0.0,1.0,1.0,0.0,0.0,1.0
'Spencer Applegate',0.0,0.0,0.0,0.0,1.0,1.0,0.0,0.0,1.0
'Aderly Kor',0.0,0.0,0.0,0.0,1.0,1.0,0.0,0.0,1.0
 'Akrita Lungani ',0.0,0.0,0.0,0.0,1.0,1.0,0.0,0.0,1.0
 'Vincent Pan ',0.0,0.0,0.0,0.0,1.0,1.0,0.0,0.0,1.0
 'John Jiang ',0.0,0.0,0.0,0.0,1.0,1.0,0.0,0.0,1.0
 'Tiger Zhu ',0.0,0.0,0.0,0.0,1.0,1.0,0.0,0.0,1.0
 'Paxton Badham ',0.0,0.0,1.0,0.0,0.0,1.0,0.0,1.0,0.0
'Tim Lacey',0.0,0.0,1.0,0.0,0.0,1.0,0.0,1.0,0.0
 'Jeroen  Ven Den Berge',0.0,0.0,1.0,0.0,0.0,1.0,0.0,1.0,0.0
'Pete Maughan',0.0,0.0,0.0,0.0,1.0,1.0,0.0,0.0,1.0
 'Rick Weaver ',0.0,0.0,0.0,0.0,1.0,1.0,0.0,0.0,1.0
'Ryan Fuller ',0.0,0.0,0.0,0.0,1.0,1.0,0.0,0.0,1.0
 'Christy Johnson ',0.0,0.0,0.0,0.0,1.0,1.0,0.0,0.0,1.0
 'Tavan Pechet ',0.0,0.0,0.0,0.0,1.0,1.0,0.0,0.0,1.0
 'Paul Springer',0.0,0.0,0.0,0.0,1.0,1.0,0.0,0.0,1.0
 'Bruce Moszcelt ',0.0,0.0,0.0,0.0,3.0,3.0,0.0,0.0,1.0
 'Trevor Lwin ',0.0,0.0,0.0,0.0,5.0,5.0,0.0,0.0,1.0
 'Omer Ben Shach',0.0,0.0,0.0,0.0,7.0,7.0,0.0,0.0,1.0
'Kurt Leedy',3.0,0.0,0.0,0.0,18.0,21.0,0.14285714285714285,0.0,0.8571428571428571
 'Shakeeb Alam',0.0,0.0,0.0,0.0,1.0,1.0,0.0,0.0,1.0
 'Anthony Walker',0.0,0.0,0.0,0.0,2.0,2.0,0.0,0.0,1.0
 'Shaun Rader',0.0,0.0,0.0,0.0,3.0,3.0,0.0,0.0,1.0
'Marc Botet',0.0,0.0,0.0,0.0,3.0,3.0,0.0,0.0,1.0
 'Fernando Herrero ',0.0,0.0,0.0,0.0,1.0,1.0,0.0,0.0,1.0
 'Juan Luis Manaute',0.0,0.0,0.0,0.0,4.0,4.0,0.0,0.0,1.0
 'Herbert Doleisch',0.0,0.0,0.0,0.0,6.0,6.0,0.0,0.0,1.0
 'Joo Teixeira',0.0,0.0,0.0,0.0,2.0,2.0,0.0,0.0,1.0
 'Andrew Cummins ',0.0,0.0,1.0,0.0,0.0,1.0,0.0,1.0,0.0
 'Dan Drexler ',0.0,0.0,1.0,0.0,0.0,1.0,0.0,1.0,0.0
 'John Moran ',0.0,0.0,1.0,0.0,0.0,1.0,0.0,1.0,0.0
 'Frank Young',0.0,0.0,1.0,0.0,0.0,1.0,0.0,1.0,0.0
'Andrew Saltoun ',16.0,2.0,2.0,0.0,33.0,53.0,0.3018867924528302,0.03773584905660377,0.660377358490566
'Robert Cherun ',1.0,0.0,0.0,0.0,3.0,4.0,0.25,0.0,0.75
 'Amin Lalani',0.0,0.0,0.0,0.0,1.0,1.0,0.0,0.0,1.0
 'Andrew Nichols ',0.0,0.0,1.0,0.0,0.0,1.0,0.0,1.0,0.0
 'Kendall Riding ',0.0,0.0,1.0,0.0,0.0,1.0,0.0,1.0,0.0
 'Alan Rothman ',0.0,0.0,1.0,0.0,0.0,1.0,0.0,1.0,0.0
 'Boaz Salik ',0.0,0.0,1.0,0.0,0.0,1.0,0.0,1.0,0.0
 'Sandeep Tyagi ',0.0,0.0,1.0,0.0,0.0,1.0,0.0,1.0,0.0
'Irving Barr ',0.0,0.0,0.0,0.0,1.0,1.0,0.0,0.0,1.0
'Kevin Oxendine',2.0,1.0,0.0,0.0,16.0,19.0,0.10526315789473684,0.0,0.8947368421052632
 'Jennie Ellis ',0.0,0.0,0.0,0.0,1.0,1.0,0.0,0.0,1.0
 'Matthew Friesl ',0.0,0.0,0.0,0.0,1.0,1.0,0.0,0.0,1.0
 'Michael Singelyn ',0.0,0.0,0.0,0.0,4.0,4.0,0.0,0.0,1.0
 'Jason Kania',0.0,0.0,0.0,0.0,3.0,3.0,0.0,0.0,1.0
 'Ajay Gupta ',0.0,0.0,0.0,0.0,1.0,1.0,0.0,0.0,1.0
 'Sam Marwaha ',0.0,0.0,0.0,0.0,1.0,1.0,0.0,0.0,1.0
 'David J. Brown ',0.0,0.0,0.0,0.0,1.0,1.0,0.0,0.0,1.0
 'TOM FERRY ',0.0,0.0,0.0,0.0,1.0,1.0,0.0,0.0,1.0
 'Ken Manning',0.0,0.0,0.0,0.0,1.0,1.0,0.0,0.0,1.0
 'Blake Macleod',0.0,0.0,0.0,0.0,1.0,1.0,0.0,0.0,1.0
'Darren Miao',0.0,1.0,0.0,0.0,0.0,1.0,0.0,0.0,1.0
'Stephen Minor ',0.0,0.0,0.0,0.0,1.0,1.0,0.0,0.0,1.0
 'Rodger Douglas',0.0,0.0,0.0,0.0,1.0,1.0,0.0,0.0,1.0
 'Peter Lehrman',0.0,0.0,0.0,0.0,1.0,1.0,0.0,0.0,1.0
 'Benot DAVID',0.0,0.0,0.0,0.0,3.0,3.0,0.0,0.0,1.0
'Rads Mydam ',0.0,0.0,0.0,0.0,1.0,1.0,0.0,0.0,1.0
 'Rajesh Jani ',0.0,0.0,0.0,0.0,1.0,1.0,0.0,0.0,1.0
 'Mark Noles ',0.0,0.0,0.0,0.0,1.0,1.0,0.0,0.0,1.0
 'Mike Sabatell ',0.0,0.0,0.0,0.0,1.0,1.0,0.0,0.0,1.0
 'Subash Anbu ',0.0,0.0,0.0,0.0,1.0,1.0,0.0,0.0,1.0
 'Robert Miller ',0.0,0.0,0.0,0.0,1.0,1.0,0.0,0.0,1.0
 'David Neuville ',0.0,0.0,0.0,0.0,1.0,1.0,0.0,0.0,1.0
 'Jay Grant ',0.0,0.0,0.0,0.0,1.0,1.0,0.0,0.0,1.0
 'Charbel Zreik',0.0,0.0,0.0,0.0,4.0,4.0,0.0,0.0,1.0
 'Eric Giesecke',0.0,0.0,0.0,0.0,3.0,3.0,0.0,0.0,1.0
'Jan Simon',7.0,0.0,0.0,0.0,23.0,30.0,0.23333333333333334,0.0,0.7666666666666667
 'Grant Liversage ',0.0,0.0,0.0,0.0,1.0,1.0,0.0,0.0,1.0
 'Alexander Kirn',0.0,0.0,0.0,0.0,3.0,3.0,0.0,0.0,1.0
 'Jose-Maria Clotet ',0.0,0.0,0.0,0.0,1.0,1.0,0.0,0.0,1.0
 'Marcelo Alejandro Castro Zappa ',0.0,0.0,0.0,0.0,1.0,1.0,0.0,0.0,1.0
 'Enrico Arietti',0.0,0.0,0.0,0.0,6.0,6.0,0.0,0.0,1.0
 'Jiri Prokop ',0.0,0.0,0.0,0.0,1.0,1.0,0.0,0.0,1.0
'Benot DAVID',0.0,0.0,0.0,0.0,7.0,7.0,0.0,0.0,1.0
 'Guillaume Allary',0.0,0.0,0.0,0.0,1.0,1.0,0.0,0.0,1.0
 'Sergio Borasino',0.0,0.0,0.0,0.0,3.0,3.0,0.0,0.0,1.0
 'Jean-Cyrille Droin',0.0,0.0,0.0,0.0,3.0,3.0,0.0,0.0,1.0
 'Sofyane Thabet',0.0,0.0,0.0,0.0,2.0,2.0,0.0,0.0,1.0
 'Toma Cubrilo',0.0,0.0,0.0,0.0,1.0,1.0,0.0,0.0,1.0
'Ari Medoff',1.0,0.0,1.0,0.0,1.0,3.0,0.3333333333333333,0.3333333333333333,0.3333333333333333
'Tunisian American Enterprise Fund (TAEF) ',0.0,0.0,0.0,0.0,1.0,1.0,0.0,0.0,1.0
 'Jay Madsen ',0.0,0.0,0.0,0.0,6.0,6.0,0.0,0.0,1.0
'Andrew Widmark ',0.0,0.0,0.0,0.0,1.0,1.0,0.0,0.0,1.0
 'Joe Velk ',0.0,0.0,0.0,0.0,1.0,1.0,0.0,0.0,1.0
 'Jordan Jocius ',0.0,0.0,0.0,0.0,1.0,1.0,0.0,0.0,1.0
'Jay Davis',20.0,2.0,2.0,0.0,44.0,68.0,0.29411764705882354,0.029411764705882353,0.6764705882352942
'Samuel Geschickter',0.0,0.0,0.0,0.0,1.0,1.0,0.0,0.0,1.0
 'Dan Luchsinger ',0.0,0.0,0.0,0.0,1.0,1.0,0.0,0.0,1.0
 'Matthew Zucker ',0.0,0.0,0.0,0.0,3.0,3.0,0.0,0.0,1.0
'David Slenzak',4.0,0.0,0.0,0.0,3.0,7.0,0.5714285714285714,0.0,0.42857142857142855
 'David Dean',0.0,0.0,0.0,0.0,1.0,1.0,0.0,0.0,1.0
 'G. Paul Matherne',0.0,0.0,0.0,0.0,1.0,1.0,0.0,0.0,1.0
'Martin Steber',97.0,4.0,16.0,3.0,38.0,158.0,0.6139240506329114,0.10126582278481013,0.2848101265822785
'Hatem Zakir',0.0,0.0,0.0,0.0,1.0,1.0,0.0,0.0,1.0
 'Moudi Ben Shach ',0.0,0.0,0.0,0.0,1.0,1.0,0.0,0.0,1.0
 'Mark Skinner',0.0,0.0,0.0,0.0,1.0,1.0,0.0,0.0,1.0
 'Jeffrey Tung',0.0,0.0,0.0,0.0,2.0,2.0,0.0,0.0,1.0
 'Peter Pahigian ',0.0,0.0,0.0,0.0,1.0,1.0,0.0,0.0,1.0
'Jakob Blackwelder',0.0,0.0,0.0,0.0,1.0,1.0,0.0,0.0,1.0
 'Michael (Mike) Quilty ',0.0,0.0,1.0,0.0,0.0,1.0,0.0,1.0,0.0
'Zachary Gordon',0.0,0.0,0.0,0.0,1.0,1.0,0.0,0.0,1.0
'Jake Fellner',0.0,1.0,0.0,0.0,0.0,1.0,0.0,0.0,1.0
 'Henrique Duarte',0.0,0.0,0.0,1.0,1.0,2.0,0.0,0.0,1.0
 'Mauricio Lemos ',0.0,0.0,0.0,0.0,1.0,1.0,0.0,0.0,1.0
'Colin Turner',0.0,0.0,0.0,0.0,1.0,1.0,0.0,0.0,1.0
 'Rilwan Meeran',0.0,0.0,0.0,0.0,1.0,1.0,0.0,0.0,1.0
 'Mariano Gonzalez Arnau',0.0,0.0,0.0,0.0,1.0,1.0,0.0,0.0,1.0
'James Semrick',0.0,0.0,0.0,0.0,1.0,1.0,0.0,0.0,1.0
'Jonathan Yellen',0.0,0.0,0.0,0.0,4.0,4.0,0.0,0.0,1.0
 'William P. Egan ',0.0,0.0,0.0,0.0,1.0,1.0,0.0,0.0,1.0
'G.J. King ',1.0,1.0,0.0,0.0,22.0,24.0,0.041666666666666664,0.0,0.9583333333333334
'FRANOIS SIMON ',0.0,0.0,0.0,0.0,1.0,1.0,0.0,0.0,1.0
 'STANISLAS SIMON-BEAULIEU ',0.0,0.0,0.0,0.0,1.0,1.0,0.0,0.0,1.0
 'Pierre-Paul Benoit ',0.0,0.0,0.0,0.0,1.0,1.0,0.0,0.0,1.0
 'Alexandre Mironesco ',0.0,0.0,0.0,0.0,1.0,1.0,0.0,0.0,1.0
 'Jordy Staelen',0.0,0.0,0.0,0.0,2.0,2.0,0.0,0.0,1.0
 'Len Bartolom Velilla  ',0.0,0.0,0.0,0.0,1.0,1.0,0.0,0.0,1.0
 'Aitor Sancho Ybez ',0.0,0.0,0.0,0.0,1.0,1.0,0.0,0.0,1.0
 'Alejandro Moya Najera',0.0,0.0,0.0,0.0,3.0,3.0,0.0,0.0,1.0
 'Ibrahim ABDEL RAHIM ',0.0,0.0,0.0,0.0,2.0,2.0,0.0,0.0,1.0
 'Carlos Arenas ',0.0,0.0,0.0,0.0,2.0,2.0,0.0,0.0,1.0
 'KhaledO. Abdel Rahim ',0.0,0.0,0.0,0.0,2.0,2.0,0.0,0.0,1.0
 'Luis Navarro',0.0,0.0,0.0,0.0,1.0,1.0,0.0,0.0,1.0
 'Alexander Mears',0.0,0.0,0.0,0.0,2.0,2.0,0.0,0.0,1.0
 'Mathieu Stevenson ',0.0,0.0,0.0,0.0,1.0,1.0,0.0,0.0,1.0
 'Michael McDonald',0.0,0.0,0.0,0.0,1.0,1.0,0.0,0.0,1.0
 'Gregg Fisch ',0.0,0.0,0.0,0.0,1.0,1.0,0.0,0.0,1.0
 'Nick Arellano',0.0,0.0,0.0,0.0,3.0,3.0,0.0,0.0,1.0
'Alexander Kirn',0.0,0.0,0.0,0.0,4.0,4.0,0.0,0.0,1.0
'Lin Ai ',0.0,0.0,0.0,1.0,0.0,1.0,0.0,0.0,1.0
 'Yian Lu ',0.0,0.0,0.0,1.0,0.0,1.0,0.0,0.0,1.0
 'George Lanza ',0.0,0.0,0.0,1.0,0.0,1.0,0.0,0.0,1.0
'Jack Hilzinger',0.0,0.0,0.0,0.0,1.0,1.0,0.0,0.0,1.0
 'Yoshihisa Ueno ',0.0,0.0,0.0,0.0,1.0,1.0,0.0,0.0,1.0
 'Tomoki Takagi ',0.0,0.0,0.0,0.0,1.0,1.0,0.0,0.0,1.0
 'Kimitake Ito',0.0,0.0,0.0,0.0,1.0,1.0,0.0,0.0,1.0
 'Taro Egami ',0.0,0.0,0.0,0.0,1.0,1.0,0.0,0.0,1.0
 'Hideo Kurosawa ',0.0,0.0,0.0,0.0,1.0,1.0,0.0,0.0,1.0
 'Iigo Gallo ',0.0,0.0,0.0,0.0,1.0,1.0,0.0,0.0,1.0
 'William Duhamel ',0.0,0.0,1.0,0.0,0.0,1.0,0.0,1.0,0.0
 'Mustafa Gultekin ',0.0,0.0,1.0,0.0,0.0,1.0,0.0,1.0,0.0
 'Michael Roberts ',0.0,0.0,1.0,0.0,0.0,1.0,0.0,1.0,0.0
 'Yves Warnant ',0.0,0.0,0.0,0.0,1.0,1.0,0.0,0.0,1.0
'Ivn Sandrea ',0.0,0.0,0.0,0.0,1.0,1.0,0.0,0.0,1.0
 'Patxi Ipia ',0.0,0.0,0.0,0.0,1.0,1.0,0.0,0.0,1.0
 'Lindbergh Mendoza ',0.0,0.0,0.0,0.0,1.0,1.0,0.0,0.0,1.0
 'Robert Semmens ',0.0,0.0,0.0,0.0,1.0,1.0,0.0,0.0,1.0
 'Michael Mahre',0.0,0.0,0.0,0.0,3.0,3.0,0.0,0.0,1.0
'Jessica Watkins ',0.0,0.0,0.0,0.0,1.0,1.0,0.0,0.0,1.0
'Dan Peterson ',3.0,0.0,0.0,0.0,1.0,4.0,0.75,0.0,0.25
 ' Ren Lajous ',0.0,0.0,0.0,0.0,1.0,1.0,0.0,0.0,1.0
 'Tiffany Clay',0.0,0.0,0.0,0.0,1.0,1.0,0.0,0.0,1.0
" ""Michael O'Connell """,0.0,0.0,0.0,0.0,1.0,1.0,0.0,0.0,1.0
 ' Michael Kevin OConnell ',0.0,0.0,0.0,0.0,1.0,1.0,0.0,0.0,1.0
 ' Patrick Maciariello ',0.0,0.0,0.0,0.0,1.0,1.0,0.0,0.0,1.0
 'Tru Dee Bamberg ',0.0,0.0,1.0,0.0,0.0,1.0,0.0,1.0,0.0
 'Brad Carmichael ',0.0,0.0,1.0,0.0,0.0,1.0,0.0,1.0,0.0
 'Brendan Duval ',0.0,0.0,1.0,0.0,0.0,1.0,0.0,1.0,0.0
 'Stephen Factor ',0.0,0.0,1.0,0.0,0.0,1.0,0.0,1.0,0.0
'optaMAX Equities ',1.0,0.0,0.0,0.0,0.0,1.0,1.0,0.0,0.0
 'Lui Pangiarella',1.0,0.0,0.0,0.0,0.0,1.0,1.0,0.0,0.0
'Steve Lau ',9.0,1.0,0.0,0.0,16.0,26.0,0.34615384615384615,0.0,0.6538461538461539
'Dave Newberry',0.0,0.0,0.0,0.0,1.0,1.0,0.0,0.0,1.0
 'Rishi Karthik',0.0,0.0,0.0,0.0,1.0,1.0,0.0,0.0,1.0
 'Thomas Hawes ',0.0,0.0,1.0,0.0,0.0,1.0,0.0,1.0,0.0
 'Danny Ainge ',0.0,0.0,1.0,0.0,0.0,1.0,0.0,1.0,0.0
'Michael Asch ',0.0,0.0,0.0,0.0,1.0,1.0,0.0,0.0,1.0
 'Ron DaVella ',0.0,0.0,0.0,0.0,1.0,1.0,0.0,0.0,1.0
 'Luis Artime ',0.0,0.0,0.0,0.0,1.0,1.0,0.0,0.0,1.0
 'Daniel Zalevsky',0.0,0.0,0.0,0.0,1.0,1.0,0.0,0.0,1.0
 'Chuck Mishoulam',0.0,0.0,0.0,0.0,1.0,1.0,0.0,0.0,1.0
'Jason Pananos',18.0,2.0,0.0,0.0,43.0,63.0,0.2857142857142857,0.0,0.7142857142857143
 'Phil Seefried',0.0,0.0,0.0,0.0,1.0,1.0,0.0,0.0,1.0
'Michael Rainey ',0.0,0.0,1.0,0.0,0.0,1.0,0.0,1.0,0.0
 'Brad Wilson ',0.0,0.0,1.0,0.0,0.0,1.0,0.0,1.0,0.0
 'Mike Segler ',0.0,0.0,1.0,0.0,0.0,1.0,0.0,1.0,0.0
 'CHUCK STONECIPHER ',0.0,0.0,0.0,0.0,1.0,1.0,0.0,0.0,1.0
 'AMY MCCULLOUGH ',0.0,0.0,0.0,0.0,1.0,1.0,0.0,0.0,1.0
 'Dennis Lally',0.0,0.0,0.0,0.0,1.0,1.0,0.0,0.0,1.0
 'Jenna Lally',0.0,0.0,0.0,0.0,1.0,1.0,0.0,0.0,1.0
'Ed Weisiger ',7.0,0.0,1.0,0.0,19.0,27.0,0.25925925925925924,0.037037037037037035,0.7037037037037037
 'Chris Long ',0.0,0.0,0.0,0.0,2.0,2.0,0.0,0.0,1.0
 'Allen Sangines-Krause ',0.0,0.0,0.0,0.0,2.0,2.0,0.0,0.0,1.0
 'David Shaun Brannen ',0.0,0.0,0.0,0.0,2.0,2.0,0.0,0.0,1.0
 'Terry Brannen ',0.0,0.0,0.0,0.0,2.0,2.0,0.0,0.0,1.0
 'Eric Rosenthal ',0.0,0.0,0.0,0.0,2.0,2.0,0.0,0.0,1.0
'Vito Giurazza',0.0,0.0,0.0,0.0,1.0,1.0,0.0,0.0,1.0
 'Domenico Tudini ',0.0,0.0,0.0,0.0,1.0,1.0,0.0,0.0,1.0
 'Carlo Alberto Marcoaldi ',0.0,0.0,0.0,0.0,1.0,1.0,0.0,0.0,1.0
 'Michele Spangaro ',0.0,0.0,0.0,0.0,1.0,1.0,0.0,0.0,1.0
 'Euclides Major',0.0,0.0,0.0,0.0,1.0,1.0,0.0,0.0,1.0
 'John F. McCormack ',0.0,0.0,0.0,0.0,1.0,1.0,0.0,0.0,1.0
 'Felipe Ruiz Lpez ',0.0,0.0,0.0,0.0,1.0,1.0,0.0,0.0,1.0
 'Rafael Ruiz-Hernandez  ',0.0,0.0,0.0,0.0,3.0,3.0,0.0,0.0,1.0
'Abdel Rahman Shorosh ',0.0,0.0,0.0,1.0,0.0,1.0,0.0,0.0,1.0
'Fran Caradonna ',0.0,0.0,0.0,0.0,1.0,1.0,0.0,0.0,1.0
 'Brad Griffith ',0.0,0.0,0.0,0.0,1.0,1.0,0.0,0.0,1.0
 'Lus Haberberger ',0.0,0.0,0.0,0.0,1.0,1.0,0.0,0.0,1.0
 'Andrew Williams ',0.0,0.0,0.0,0.0,1.0,1.0,0.0,0.0,1.0
 'Jun Shen ',0.0,0.0,0.0,0.0,1.0,1.0,0.0,0.0,1.0
 'Jed Johnson ',0.0,0.0,0.0,0.0,1.0,1.0,0.0,0.0,1.0
'Mikhail Byshovets ',0.0,0.0,0.0,0.0,1.0,1.0,0.0,0.0,1.0
 'Artem Shuvaev ',0.0,0.0,0.0,0.0,1.0,1.0,0.0,0.0,1.0
 'Yulia  Shuvaeva ',0.0,0.0,0.0,0.0,1.0,1.0,0.0,0.0,1.0
 'Felipe Ruiz ',0.0,0.0,0.0,0.0,1.0,1.0,0.0,0.0,1.0
 'Dmitry Aksakov ',0.0,0.0,0.0,0.0,1.0,1.0,0.0,0.0,1.0
 'Jose Maria Clotet  ',0.0,0.0,0.0,0.0,1.0,1.0,0.0,0.0,1.0
 'Anton Kremnev ',0.0,0.0,0.0,0.0,1.0,1.0,0.0,0.0,1.0
 'Ivan Pea Uribe ',0.0,0.0,0.0,0.0,1.0,1.0,0.0,0.0,1.0
'Carlos Saez',22.0,0.0,2.0,0.0,19.0,43.0,0.5116279069767442,0.046511627906976744,0.4418604651162791
 'Taylor Connaughton',0.0,0.0,0.0,0.0,2.0,2.0,0.0,0.0,1.0
 'Bruce Moszcelt',0.0,0.0,0.0,0.0,1.0,1.0,0.0,0.0,1.0
 'Daniele Benatoff ',0.0,0.0,0.0,0.0,1.0,1.0,0.0,0.0,1.0
 'Paolo Guida ',0.0,0.0,0.0,0.0,1.0,1.0,0.0,0.0,1.0
 'Daniel Goldstein ',0.0,0.0,0.0,0.0,1.0,1.0,0.0,0.0,1.0
 'Eero Tohver ',0.0,0.0,0.0,0.0,1.0,1.0,0.0,0.0,1.0
 'Donatas Dailide',0.0,0.0,0.0,0.0,1.0,1.0,0.0,0.0,1.0
 'Mark Selcow ',0.0,0.0,0.0,0.0,2.0,2.0,0.0,0.0,1.0
 'Matt Glickman ',0.0,0.0,0.0,0.0,2.0,2.0,0.0,0.0,1.0
 'Mahesh Rajasekharan ',0.0,0.0,0.0,0.0,1.0,1.0,0.0,0.0,1.0
'Eduardo Machado ',2.0,1.0,0.0,0.0,0.0,3.0,0.6666666666666666,0.0,0.3333333333333333
 'Jose Luis Bernal ',0.0,1.0,0.0,0.0,0.0,1.0,0.0,0.0,1.0
'Mark Fackler ',0.0,0.0,0.0,0.0,1.0,1.0,0.0,0.0,1.0
 'Kush Kapila ',0.0,0.0,0.0,0.0,1.0,1.0,0.0,0.0,1.0
 'Dave Lazier ',0.0,0.0,0.0,0.0,3.0,3.0,0.0,0.0,1.0
'Hernan Salinas Elosa ',0.0,0.0,0.0,0.0,1.0,1.0,0.0,0.0,1.0
 'Ricardo de Zulueta Castell',0.0,0.0,0.0,0.0,1.0,1.0,0.0,0.0,1.0
 'Jose Antonio Quiroga',0.0,0.0,0.0,0.0,1.0,1.0,0.0,0.0,1.0
 'Francisco Islas ',0.0,0.0,0.0,0.0,2.0,2.0,0.0,0.0,1.0
 'Germn Canale Segovia',0.0,0.0,0.0,0.0,1.0,1.0,0.0,0.0,1.0
 'Bernardo Trevio ',0.0,0.0,0.0,0.0,1.0,1.0,0.0,0.0,1.0
 'Gustavo Fernndez de Loyola ',0.0,0.0,0.0,0.0,1.0,1.0,0.0,0.0,1.0
 'Rodrigo Barrenechea',0.0,0.0,0.0,0.0,1.0,1.0,0.0,0.0,1.0
'Sam Fratoni ',0.0,0.0,0.0,0.0,1.0,1.0,0.0,0.0,1.0
 'Michael Sullivan ',0.0,0.0,0.0,0.0,1.0,1.0,0.0,0.0,1.0
 'Matthew Novak ',0.0,0.0,0.0,0.0,1.0,1.0,0.0,0.0,1.0
 'Mike Caouette ',0.0,0.0,0.0,0.0,1.0,1.0,0.0,0.0,1.0
 'Lionel Derriey ',0.0,0.0,0.0,0.0,1.0,1.0,0.0,0.0,1.0
 'Doug Geib ',0.0,0.0,1.0,0.0,0.0,1.0,0.0,1.0,0.0
 'Tom Roeder ',0.0,0.0,1.0,0.0,0.0,1.0,0.0,1.0,0.0
'Isaac Gomez',0.0,0.0,0.0,0.0,1.0,1.0,0.0,0.0,1.0
 'Michael Smerklo ',0.0,0.0,0.0,0.0,2.0,2.0,0.0,0.0,1.0
 'Adam Rogers ',0.0,0.0,0.0,0.0,2.0,2.0,0.0,0.0,1.0
 'Jonathan Kaplan ',0.0,0.0,0.0,0.0,1.0,1.0,0.0,0.0,1.0
 'Dr. Bruno J.  Weidl ',0.0,1.0,0.0,0.0,0.0,1.0,0.0,0.0,1.0
 'Christina Stercken ',0.0,1.0,0.0,0.0,0.0,1.0,0.0,0.0,1.0
 'Jonathon Penn',0.0,0.0,0.0,0.0,1.0,1.0,0.0,0.0,1.0
'Brad Buser',50.0,0.0,6.0,0.0,33.0,89.0,0.5617977528089888,0.06741573033707865,0.3707865168539326
 'Alexander Schuil',0.0,0.0,0.0,0.0,1.0,1.0,0.0,0.0,1.0
'Zoheb Chinoy',0.0,0.0,0.0,1.0,0.0,1.0,0.0,0.0,1.0
 'Ivy Grant ',0.0,0.0,0.0,0.0,1.0,1.0,0.0,0.0,1.0
'Serge Santos ',0.0,0.0,0.0,0.0,1.0,1.0,0.0,0.0,1.0
 'Tom Pickering ',0.0,0.0,0.0,0.0,1.0,1.0,0.0,0.0,1.0
 'Bob Niehaus ',0.0,0.0,0.0,0.0,1.0,1.0,0.0,0.0,1.0
 'Peter Niehaus',0.0,0.0,0.0,0.0,1.0,1.0,0.0,0.0,1.0
 'Todd Currie ',0.0,0.0,0.0,0.0,1.0,1.0,0.0,0.0,1.0
 'Sylvie Currie ',0.0,0.0,0.0,0.0,1.0,1.0,0.0,0.0,1.0
 'Jose Larraz',0.0,0.0,0.0,0.0,1.0,1.0,0.0,0.0,1.0
 'Stephane Escabasse',0.0,0.0,0.0,0.0,1.0,1.0,0.0,0.0,1.0
'Carl Allen ',0.0,0.0,0.0,0.0,1.0,1.0,0.0,0.0,1.0
 'Adam Markley ',0.0,0.0,0.0,0.0,1.0,1.0,0.0,0.0,1.0
 'Sarah Lieb ',0.0,0.0,0.0,0.0,1.0,1.0,0.0,0.0,1.0
 'Taylor Latham ',0.0,0.0,0.0,0.0,1.0,1.0,0.0,0.0,1.0
'Cristin Minondo',0.0,0.0,0.0,0.0,1.0,1.0,0.0,0.0,1.0
 'Melanie Dougherty',0.0,0.0,0.0,0.0,1.0,1.0,0.0,0.0,1.0
'Walker Deibel',0.0,0.0,0.0,0.0,1.0,1.0,0.0,0.0,1.0
 'Dan Abbate ',0.0,0.0,0.0,0.0,1.0,1.0,0.0,0.0,1.0
 'Brian Terp ',1.0,0.0,0.0,0.0,0.0,1.0,1.0,0.0,0.0
 'Butch Hoover ',1.0,0.0,0.0,0.0,0.0,1.0,1.0,0.0,0.0
 'Frank Majors ',1.0,0.0,0.0,0.0,0.0,1.0,1.0,0.0,0.0
 'John Thompson ',1.0,0.0,0.0,0.0,0.0,1.0,1.0,0.0,0.0
'Lacey Wismer',10.0,1.0,9.0,0.0,10.0,30.0,0.3333333333333333,0.3,0.36666666666666664
 'Dick Burridge',0.0,0.0,1.0,0.0,0.0,1.0,0.0,1.0,0.0
 'Glenn Carlin',0.0,0.0,0.0,0.0,1.0,1.0,0.0,0.0,1.0
 'Greg Geronemus',0.0,0.0,0.0,0.0,1.0,1.0,0.0,0.0,1.0
 'Pete Viscardo ',0.0,0.0,0.0,0.0,1.0,1.0,0.0,0.0,1.0
 'Rob Gordon ',0.0,0.0,0.0,0.0,1.0,1.0,0.0,0.0,1.0
'Tim Dibble ',0.0,1.0,0.0,0.0,0.0,1.0,0.0,0.0,1.0
 'Phil Thompson ',0.0,1.0,0.0,0.0,0.0,1.0,0.0,0.0,1.0
 'Jesicca Reed ',0.0,1.0,0.0,0.0,0.0,1.0,0.0,0.0,1.0
 'Chris Dias ',0.0,1.0,0.0,0.0,0.0,1.0,0.0,0.0,1.0
 'Tim Alexson ',0.0,1.0,0.0,0.0,0.0,1.0,0.0,0.0,1.0
'Rob Ketterson',0.0,0.0,0.0,0.0,1.0,1.0,0.0,0.0,1.0
'Paul Bennett',1.0,0.0,0.0,0.0,0.0,1.0,1.0,0.0,0.0
'Adam Horowitz ',0.0,0.0,1.0,0.0,0.0,1.0,0.0,1.0,0.0
 'Jack Zeineh ',0.0,0.0,1.0,0.0,0.0,1.0,0.0,1.0,0.0
 'Ryan Lissauer ',0.0,0.0,1.0,0.0,0.0,1.0,0.0,1.0,0.0
 'Ryan Callaghan ',0.0,0.0,1.0,0.0,0.0,1.0,0.0,1.0,0.0
 'Daniel Kim',0.0,0.0,0.0,0.0,1.0,1.0,0.0,0.0,1.0
'Sara Rosenthal',8.0,1.0,0.0,0.0,25.0,34.0,0.23529411764705882,0.0,0.7647058823529411
 'Donald Olds ',0.0,0.0,1.0,0.0,0.0,1.0,0.0,1.0,0.0
 'Guthrie Stewart ',0.0,0.0,1.0,0.0,0.0,1.0,0.0,1.0,0.0
 'Pierre Nader ',0.0,0.0,1.0,0.0,0.0,1.0,0.0,1.0,0.0
 'WILLIAM CONN ',0.0,0.0,1.0,0.0,0.0,1.0,0.0,1.0,0.0
 'PATRICK MCADARAGH ',0.0,0.0,1.0,0.0,0.0,1.0,0.0,1.0,0.0
 'ROBERT PULTE ',0.0,0.0,1.0,0.0,0.0,1.0,0.0,1.0,0.0
 'Bill PULTE ',0.0,0.0,1.0,0.0,0.0,1.0,0.0,1.0,0.0
'Wilbert Garcia ',0.0,0.0,0.0,0.0,1.0,1.0,0.0,0.0,1.0
 'Zach Schewe ',0.0,0.0,0.0,0.0,1.0,1.0,0.0,0.0,1.0
 'James B. ',0.0,0.0,0.0,0.0,1.0,1.0,0.0,0.0,1.0
'Alice Macris ',0.0,0.0,0.0,1.0,0.0,1.0,0.0,0.0,1.0
 'Szonja Kisgergely ',0.0,0.0,0.0,1.0,0.0,1.0,0.0,0.0,1.0
'Rich Kelley',93.0,1.0,16.0,1.0,48.0,159.0,0.5849056603773585,0.10062893081761007,0.31446540880503143
'Tyler Baum',0.0,0.0,0.0,0.0,1.0,1.0,0.0,0.0,1.0
 'Adam Fadden',0.0,0.0,0.0,0.0,1.0,1.0,0.0,0.0,1.0
'Phoebe Chan',0.0,0.0,0.0,0.0,1.0,1.0,0.0,0.0,1.0
 'Julie White',0.0,0.0,0.0,0.0,1.0,1.0,0.0,0.0,1.0
 'Jason Chu',0.0,0.0,0.0,0.0,1.0,1.0,0.0,0.0,1.0
 'Smrithi Eswar',0.0,0.0,0.0,0.0,1.0,1.0,0.0,0.0,1.0
 'Akshay Patwardhan',0.0,0.0,0.0,0.0,1.0,1.0,0.0,0.0,1.0
 'Markus Scott ',0.0,0.0,0.0,0.0,1.0,1.0,0.0,0.0,1.0
 'Giovanni Gallo',0.0,0.0,0.0,0.0,1.0,1.0,0.0,0.0,1.0
'Brendan Collins ',0.0,0.0,0.0,0.0,1.0,1.0,0.0,0.0,1.0
'Mark Carroll ',0.0,0.0,0.0,0.0,1.0,1.0,0.0,0.0,1.0
 'Casey Potts ',0.0,0.0,0.0,0.0,1.0,1.0,0.0,0.0,1.0
'Matt Littell ',0.0,0.0,0.0,0.0,1.0,1.0,0.0,0.0,1.0
'Glen Silvestri',1.0,0.0,0.0,1.0,8.0,10.0,0.1,0.0,0.9
 'Priya Solanki ',0.0,0.0,0.0,0.0,1.0,1.0,0.0,0.0,1.0
 'Sudeep Das',0.0,0.0,0.0,0.0,1.0,1.0,0.0,0.0,1.0
'David Panton ',0.0,0.0,0.0,0.0,1.0,1.0,0.0,0.0,1.0
 'Marc Panton ',0.0,0.0,0.0,0.0,1.0,1.0,0.0,0.0,1.0
'John Keith Tate ',0.0,0.0,1.0,0.0,0.0,1.0,0.0,1.0,0.0
'Fabio Sattin ',0.0,1.0,0.0,0.0,0.0,1.0,0.0,0.0,1.0
 'Giovanni Campolo ',0.0,1.0,0.0,0.0,0.0,1.0,0.0,0.0,1.0
'Jim Mattis ',0.0,0.0,0.0,0.0,1.0,1.0,0.0,0.0,1.0
 'Les Denend ',0.0,0.0,0.0,0.0,1.0,1.0,0.0,0.0,1.0
 'Charles OReilly ',0.0,0.0,0.0,0.0,1.0,1.0,0.0,0.0,1.0
 'Luis Camilleri ',0.0,0.0,0.0,0.0,1.0,1.0,0.0,0.0,1.0
 'Jos Vila ',0.0,0.0,0.0,0.0,1.0,1.0,0.0,0.0,1.0
 'Gerard Garca-Gassull ',0.0,0.0,0.0,0.0,1.0,1.0,0.0,0.0,1.0
 'Niko Hrdy ',0.0,0.0,0.0,0.0,1.0,1.0,0.0,0.0,1.0
 'Carmelo Sanz de Barros ',0.0,0.0,0.0,0.0,1.0,1.0,0.0,0.0,1.0
 'Marc Botet',0.0,0.0,0.0,0.0,2.0,2.0,0.0,0.0,1.0
'Qasim Younis',0.0,0.0,0.0,0.0,1.0,1.0,0.0,0.0,1.0
 'Till Bossert ',0.0,0.0,0.0,0.0,1.0,1.0,0.0,0.0,1.0
 'Lukas Matzinger',0.0,0.0,0.0,0.0,2.0,2.0,0.0,0.0,1.0
'Claus von Loeper ',2.0,0.0,0.0,0.0,3.0,5.0,0.4,0.0,0.6
 'Kristof Matyasfalvi',0.0,0.0,0.0,0.0,1.0,1.0,0.0,0.0,1.0
 'Ola Lawal',0.0,0.0,0.0,0.0,1.0,1.0,0.0,0.0,1.0
 'Bruno LEA',0.0,0.0,0.0,0.0,1.0,1.0,0.0,0.0,1.0
 'Rajiv Bhala',0.0,0.0,0.0,0.0,1.0,1.0,0.0,0.0,1.0
 'Helena Diviov',0.0,0.0,0.0,0.0,1.0,1.0,0.0,0.0,1.0
 'Ryan Berryman',0.0,0.0,0.0,0.0,1.0,1.0,0.0,0.0,1.0
 'manuel pardo',0.0,0.0,0.0,0.0,1.0,1.0,0.0,0.0,1.0
'Matt Vaccariello',0.0,0.0,1.0,0.0,0.0,1.0,0.0,1.0,0.0
 'Kathleen Wallach ',0.0,0.0,1.0,0.0,0.0,1.0,0.0,1.0,0.0
 'Thomas Donahue ',0.0,0.0,1.0,0.0,0.0,1.0,0.0,1.0,0.0
'Jamie Turner ',21.0,0.0,1.0,0.0,18.0,40.0,0.525,0.025,0.45
 'Dan Braatz ',0.0,0.0,0.0,0.0,2.0,2.0,0.0,0.0,1.0
 'Francisco Islands ',0.0,0.0,0.0,0.0,2.0,2.0,0.0,0.0,1.0
 'Norman Duffett',0.0,0.0,0.0,0.0,2.0,2.0,0.0,0.0,1.0
 'Bernardo Garza Quiroga',0.0,0.0,0.0,0.0,2.0,2.0,0.0,0.0,1.0
 'Capital Increase ',0.0,0.0,0.0,0.0,1.0,1.0,0.0,0.0,1.0
 'Lanny Thorndike ',0.0,0.0,0.0,0.0,1.0,1.0,0.0,0.0,1.0
'Javier Paez',2.0,0.0,0.0,0.0,11.0,13.0,0.15384615384615385,0.0,0.8461538461538461
 'Orca Capital ',0.0,0.0,0.0,0.0,1.0,1.0,0.0,0.0,1.0
'Walter Scott ',0.0,0.0,0.0,0.0,1.0,1.0,0.0,0.0,1.0
 'Catherine Slater',0.0,0.0,0.0,0.0,1.0,1.0,0.0,0.0,1.0
'Brent Burgess ',0.0,0.0,0.0,0.0,1.0,1.0,0.0,0.0,1.0
 'Thomas Cassutt ',0.0,0.0,0.0,0.0,1.0,1.0,0.0,0.0,1.0
'Andrew Lu ',0.0,0.0,0.0,0.0,1.0,1.0,0.0,0.0,1.0
'Carlos Gila',0.0,0.0,1.0,0.0,1.0,2.0,0.0,0.5,0.5
 'Jorge Montes ',0.0,0.0,0.0,0.0,1.0,1.0,0.0,0.0,1.0
'Jorge Maortua ',14.0,2.0,2.0,1.0,12.0,31.0,0.45161290322580644,0.06451612903225806,0.4838709677419355
 'Alfredo Irigoin ',0.0,0.0,0.0,0.0,1.0,1.0,0.0,0.0,1.0
 'Carlos Herminio Blaquier ',0.0,0.0,0.0,0.0,1.0,1.0,0.0,0.0,1.0
'Jos Stella',35.0,1.0,3.0,0.0,9.0,48.0,0.7291666666666666,0.0625,0.20833333333333334
 'Carlos Gila',0.0,0.0,1.0,0.0,0.0,1.0,0.0,1.0,0.0
'Ulrich Weinreuter ',0.0,0.0,0.0,0.0,1.0,1.0,0.0,0.0,1.0
 'Chris Brooks ',0.0,0.0,1.0,0.0,0.0,1.0,0.0,1.0,0.0
 'Michael Litt ',0.0,0.0,1.0,0.0,0.0,1.0,0.0,1.0,0.0
'Invictus Management ',0.0,0.0,1.0,0.0,0.0,1.0,0.0,1.0,0.0
'Alex Gelman',1.0,1.0,0.0,0.0,13.0,15.0,0.06666666666666667,0.0,0.9333333333333333
 'Max Korenvaes ',0.0,0.0,0.0,0.0,1.0,1.0,0.0,0.0,1.0
'Simon Bores ',5.0,1.0,0.0,0.0,18.0,24.0,0.20833333333333334,0.0,0.7916666666666666
 'Manuel Pardo Martn ',0.0,0.0,0.0,0.0,1.0,1.0,0.0,0.0,1.0
 'Esteban Kallay',0.0,0.0,0.0,0.0,1.0,1.0,0.0,0.0,1.0
 'Lysandra Alves ',0.0,0.0,0.0,0.0,1.0,1.0,0.0,0.0,1.0
 'Thiago de Assis Silva',0.0,0.0,0.0,0.0,1.0,1.0,0.0,0.0,1.0
 'Paulo Henrique Landim Junior',0.0,0.0,0.0,0.0,1.0,1.0,0.0,0.0,1.0
'Alex Stavros',5.0,0.0,0.0,0.0,3.0,8.0,0.625,0.0,0.375
 'Uri Cohen ',0.0,0.0,1.0,0.0,0.0,1.0,0.0,1.0,0.0
'James Ryan',0.0,0.0,0.0,0.0,1.0,1.0,0.0,0.0,1.0
 'Westheimer Capital ',0.0,0.0,0.0,0.0,1.0,1.0,0.0,0.0,1.0
 'Jude Tuma',0.0,0.0,0.0,0.0,1.0,1.0,0.0,0.0,1.0
'Joe Niehaus',45.0,0.0,11.0,0.0,18.0,74.0,0.6081081081081081,0.14864864864864866,0.24324324324324326
 'Richard Kennedy ',0.0,0.0,0.0,0.0,1.0,1.0,0.0,0.0,1.0
 'Constanza Family ',0.0,0.0,0.0,0.0,1.0,1.0,0.0,0.0,1.0
'Jeremy Silverman',9.0,0.0,0.0,0.0,9.0,18.0,0.5,0.0,0.5
 'Scott Stiff',0.0,0.0,0.0,0.0,1.0,1.0,0.0,0.0,1.0
 'Nicole McDermott',0.0,0.0,0.0,0.0,1.0,1.0,0.0,0.0,1.0
'Jim Bildner ',0.0,0.0,0.0,0.0,1.0,1.0,0.0,0.0,1.0
'BRAD BENNETT ',0.0,0.0,0.0,0.0,1.0,1.0,0.0,0.0,1.0
 'RANDY LOWE ',0.0,0.0,0.0,0.0,1.0,1.0,0.0,0.0,1.0
 'DAVID FILMON ',0.0,0.0,0.0,0.0,1.0,1.0,0.0,0.0,1.0
 'CHARLIE SPIRING ',0.0,0.0,0.0,0.0,1.0,1.0,0.0,0.0,1.0
 'JAY MOULTON ',0.0,0.0,0.0,0.0,1.0,1.0,0.0,0.0,1.0
'Pablo Fernandez',0.0,0.0,0.0,0.0,1.0,1.0,0.0,0.0,1.0
'Andrew Cercena',0.0,0.0,0.0,0.0,1.0,1.0,0.0,0.0,1.0
 'Markos Zerefos',0.0,0.0,0.0,0.0,1.0,1.0,0.0,0.0,1.0
'Jim Downey ',0.0,0.0,1.0,0.0,0.0,1.0,0.0,1.0,0.0
 'Benjamin Coats',0.0,0.0,0.0,0.0,1.0,1.0,0.0,0.0,1.0
 'Amory Hill ',0.0,0.0,0.0,0.0,1.0,1.0,0.0,0.0,1.0
 'Zac Carman',0.0,0.0,1.0,0.0,0.0,1.0,0.0,1.0,0.0
 'Ganon Rowan ',0.0,0.0,0.0,0.0,1.0,1.0,0.0,0.0,1.0
'Christian Malek',0.0,0.0,0.0,0.0,2.0,2.0,0.0,0.0,1.0
 'Elena Trukhina',0.0,0.0,0.0,0.0,1.0,1.0,0.0,0.0,1.0
'Aaron Perrine',3.0,1.0,0.0,0.0,14.0,18.0,0.16666666666666666,0.0,0.8333333333333334
'Adam Barker',1.0,0.0,0.0,0.0,1.0,2.0,0.5,0.0,0.5
 'Musa Pam',0.0,0.0,0.0,0.0,1.0,1.0,0.0,0.0,1.0
 'Albert Jones ',0.0,0.0,0.0,0.0,1.0,1.0,0.0,0.0,1.0
 'Thompson Stimpel ',0.0,0.0,0.0,0.0,1.0,1.0,0.0,0.0,1.0
