COUNTY,COUNT LOANS,SUM AVG VALUE LOANS
36103,4458," $2,923,725,000 "
72113,95," $49,050,000 "
72001,1," $250,000 "
72003,0, $-   
72005,14," $5,625,000 "
72071,7," $3,425,000 "
72099,19," $9,700,000 "
72093,0, $-   
72011,4," $1,425,000 "
72141,3," $1,175,000 "
72017,0, $-   
72054,8," $3,275,000 "
72065,0, $-   
72013,44," $22,675,000 "
72091,4," $1,425,000 "
72023,9," $2,675,000 "
72097,30," $16,250,000 "
72059,7," $3,850,000 "
72111,7," $2,600,000 "
72027,3," $1,175,000 "
72081,6," $4,000,000 "
72121,13," $9,025,000 "
72039,0, $-   
72107,0, $-   
72051,37," $26,325,000 "
72137,21," $10,750,000 "
72143,19," $10,650,000 "
72135,32," $21,725,000 "
72055,0, $-   
72153,5," $2,100,000 "
72067,30," $16,650,000 "
72115,1," $250,000 "
72073,2," $500,000 "
72079,0, $-   
72083,0, $-   
72145,5," $2,925,000 "
72101,29," $10,225,000 "
72131,14," $6,025,000 "
72117,4," $2,275,000 "
72125,0, $-   
72041,0, $-   
72007,97," $66,000,000 "
72123,5," $2,100,000 "
72009,0, $-   
72043,15," $6,700,000 "
72035,11," $5,700,000 "
72095,0, $-   
72015,2," $1,350,000 "
72103,10," $5,450,000 "
72127,536," $363,750,000 "
72019,4," $1,425,000 "
72105,10," $3,350,000 "
72075,0, $-   
72119,0, $-   
72025,45," $26,625,000 "
72109,3," $2,000,000 "
72063,7," $1,750,000 "
72129,0, $-   
72087,2," $500,000 "
72031,99," $65,600,000 "
72029,18," $14,475,000 "
72037,0, $-   
72053,11," $5,675,000 "
72089,4," $1,000,000 "
72045,3," $1,600,000 "
72069,6," $3,600,000 "
72133,0, $-   
72147,0, $-   
72149,2," $500,000 "
72151,4," $2,675,000 "
72085,18," $10,275,000 "
72049,0, $-   
72077,0, $-   
72033,77," $39,250,000 "
72139,102," $73,150,000 "
72047,0, $-   
72057,7," $11,175,000 "
78030,93," $40,400,000 "
78010,67," $37,500,000 "
78020,11," $3,600,000 "
72061,196," $139,875,000 "
72021,113," $61,125,000 "
25013,933," $601,475,000 "
25011,127," $75,350,000 "
25015,303," $178,525,000 "
25027,1807," $1,129,625,000 "
25003,278," $165,000,000 "
25017,4361," $3,115,075,000 "
25021,2224," $1,596,050,000 "
25009,2098," $1,322,900,000 "
25025,2864," $2,124,000,000 "
25023,1177," $770,100,000 "
25005,995," $637,950,000 "
25001,787," $432,200,000 "
25007,85," $34,350,000 "
25019,101," $36,275,000 "
44005,196," $120,850,000 "
44007,1338," $870,475,000 "
44009,262," $126,600,000 "
44001,88," $47,425,000 "
44003,557," $366,975,000 "
33011,858," $547,550,000 "
33015,1160," $678,350,000 "
33013,396," $271,700,000 "
33017,232," $130,725,000 "
33009,202," $124,300,000 "
33001,142," $84,650,000 "
33003,117," $49,550,000 "
33019,110," $66,600,000 "
33005,139," $80,450,000 "
33007,56," $35,025,000 "
23031,380," $197,325,000 "
23005,922," $605,075,000 "
23023,120," $70,850,000 "
23017,62," $32,650,000 "
23001,227," $171,200,000 "
23007,28," $14,475,000 "
23011,215," $138,750,000 "
23015,74," $36,950,000 "
23027,41," $23,600,000 "
23019,348," $221,000,000 "
23021,22," $16,650,000 "
23009,107," $56,550,000 "
23029,39," $31,925,000 "
23003,108," $64,075,000 "
23025,60," $29,950,000 "
23013,83," $39,275,000 "
50027,111," $65,100,000 "
50017,50," $37,625,000 "
50005,18," $9,150,000 "
50023,176," $86,375,000 "
50025,107," $67,500,000 "
50003,70," $45,525,000 "
50021,103," $53,275,000 "
50007,622," $427,175,000 "
50013,2," $500,000 "
50011,40," $23,250,000 "
50015,62," $49,750,000 "
50001,98," $43,050,000 "
50019,54," $31,425,000 "
50009,25," $23,400,000 "
9003,2152," $1,482,175,000 "
9005,451," $253,475,000 "
9007,409," $236,775,000 "
9013,329," $198,875,000 "
9009,1979," $1,309,850,000 "
9015,149," $100,300,000 "
9011,459," $256,900,000 "
9001,2592," $1,665,725,000 "
34023,1866," $1,355,500,000 "
34017,811," $553,875,000 "
34013,1611," $1,131,650,000 "
34027,1735," $1,200,025,000 "
34031,1076," $696,650,000 "
34003,3206," $2,227,825,000 "
34039,1911," $1,327,725,000 "
34035,1350," $1,023,100,000 "
34037,179," $110,075,000 "
34025,1733," $1,065,150,000 "
34029,1091," $607,225,000 "
34041,167," $101,950,000 "
34019,185," $98,300,000 "
34033,185," $111,150,000 "
34007,1026," $704,925,000 "
34005,1025," $689,400,000 "
34015,556," $403,850,000 "
34001,521," $318,725,000 "
34009,243," $98,425,000 "
34011,88," $46,625,000 "
34021,675," $424,925,000 "
36061,12610," $9,659,425,000 "
36085,570," $378,125,000 "
36005,919," $725,150,000 "
36119,2654," $1,843,475,000 "
36079,146," $73,100,000 "
36027,475," $288,150,000 "
36087,792," $547,800,000 "
36071,475," $280,825,000 "
36105,155," $88,275,000 "
36081,3222," $2,334,900,000 "
36059,3704," $2,508,175,000 "
36047,3854," $2,739,500,000 "
36001,913," $650,075,000 "
36093,137," $85,475,000 "
36091,487," $250,675,000 "
36035,76," $49,625,000 "
36057,69," $43,100,000 "
36039,52," $19,725,000 "
36021,133," $72,275,000 "
36083,243," $145,350,000 "
36095,26," $17,250,000 "
36115,79," $44,200,000 "
36041,6," $2,350,000 "
36077,30," $19,150,000 "
36025,106," $54,450,000 "
36111,408," $197,800,000 "
36113,170," $92,125,000 "
36031,60," $33,400,000 "
36019,134," $67,350,000 "
36033,37," $24,850,000 "
36089,109," $67,775,000 "
36067,1254," $908,950,000 "
36011,85," $45,125,000 "
36075,111," $60,350,000 "
36053,31," $18,875,000 "
36065,307," $212,000,000 "
36023,87," $48,875,000 "
36017,49," $28,375,000 "
36109,176," $93,050,000 "
36099,77," $42,800,000 "
36045,184," $113,100,000 "
36117,132," $82,250,000 "
36043,170," $93,025,000 "
36049,28," $13,750,000 "
36007,202," $152,375,000 "
36107,145," $87,275,000 "
36029,2230," $1,522,975,000 "
36063,312," $193,275,000 "
36037,108," $88,250,000 "
36121,56," $24,975,000 "
36009,93," $51,875,000 "
36073,82," $49,425,000 "
36003,54," $36,725,000 "
36013,184," $111,525,000 "
36055,1740," $1,262,850,000 "
36051,70," $39,825,000 "
36123,30," $15,800,000 "
36101,52," $27,175,000 "
36069,143," $83,950,000 "
36097,68," $42,950,000 "
36015,133," $106,800,000 "
42003,2904," $2,029,475,000 "
42007,299," $214,750,000 "
42125,512," $387,325,000 "
42129,807," $529,275,000 "
42051,195," $107,875,000 "
42019,451," $316,350,000 "
42059,26," $21,775,000 "
42111,63," $53,800,000 "
42009,71," $43,400,000 "
42057,7," $6,275,000 "
42005,73," $39,975,000 "
42063,167," $105,625,000 "
42065,85," $50,675,000 "
42021,259," $156,425,000 "
42033,75," $45,500,000 "
42047,87," $56,000,000 "
42053,7," $2,600,000 "
42031,38," $17,925,000 "
42023,0, $-   
42083,41," $28,975,000 "
42013,177," $161,825,000 "
42073,151," $99,725,000 "
42121,86," $42,025,000 "
42085,178," $110,225,000 "
42039,202," $130,900,000 "
42123,48," $31,775,000 "
42049,476," $315,675,000 "
42061,53," $30,625,000 "
42027,270," $181,900,000 "
42105,13," $7,025,000 "
42035,30," $16,250,000 "
42117,61," $28,725,000 "
42015,62," $37,525,000 "
42081,213," $142,600,000 "
42041,568," $444,150,000 "
42087,58," $32,825,000 "
42075,307," $203,125,000 "
42043,614," $435,775,000 "
42099,15," $6,700,000 "
42133,576," $393,425,000 "
42067,29," $13,975,000 "
42097,108," $68,975,000 "
42001,228," $159,675,000 "
42055,238," $135,075,000 "
42071,1269," $914,625,000 "
42011,810," $581,875,000 "
42109,39," $44,150,000 "
42029,1538," $1,003,775,000 "
42113,8," $3,275,000 "
42093,15," $5,875,000 "
42037,32," $29,675,000 "
42119,94," $59,950,000 "
42079,572," $341,300,000 "
42107,183," $121,225,000 "
42095,405," $239,450,000 "
42077,808," $560,050,000 "
42025,71," $37,800,000 "
42017,1894," $1,204,675,000 "
42091,2928," $2,141,550,000 "
42089,153," $79,175,000 "
42103,23," $14,450,000 "
42069,446," $307,725,000 "
42127,96," $53,350,000 "
42115,84," $46,375,000 "
42131,15," $6,700,000 "
42045,1035," $636,175,000 "
42101,2400," $1,808,675,000 "
10003,1377," $950,775,000 "
10001,255," $133,925,000 "
10005,420," $189,900,000 "
11001,2769," $1,965,225,000 "
51059,2959," $2,332,275,000 "
24031,2673," $1,898,600,000 "
51107,1060," $684,000,000 "
51061,285," $166,650,000 "
51047,88," $53,550,000 "
51157,47," $22,700,000 "
51683,0, $-   
51153,636," $388,425,000 "
51685,211," $115,500,000 "
51043,24," $14,325,000 "
24033,1441," $1,063,775,000 "
51013,724," $531,950,000 "
51510,530," $375,350,000 "
24017,238," $124,750,000 "
24037,113," $90,800,000 "
24009,123," $64,625,000 "
24003,1429," $893,600,000 "
24027,1019," $808,050,000 "
4025,339," $168,825,000 "
24021,588," $351,675,000 "
24025,445," $275,875,000 "
24005,2049," $1,402,075,000 "
24013,295," $170,400,000 "
24510,1098," $728,775,000 "
24001,87," $54,350,000 "
24023,63," $47,000,000 "
24041,128," $73,300,000 "
24035,135," $72,475,000 "
24011,43," $31,800,000 "
24029,11," $3,600,000 "
24019,54," $29,350,000 "
24043,279," $173,800,000 "
24047,173," $73,125,000 "
24045,225," $138,975,000 "
24039,13," $9,450,000 "
24015,114," $64,275,000 "
51600,430," $338,975,000 "
51610,186," $149,600,000 "
51179,69," $44,075,000 "
51630,0, $-   
51177,159," $80,450,000 "
51033,98," $69,600,000 "
51133,15," $5,025,000 "
51137,85," $44,600,000 "
51159,13," $6,200,000 "
51193,34," $19,725,000 "
51057,13," $7,025,000 "
51097,8," $6,525,000 "
51099,0, $-   
51103,11," $5,675,000 "
51119,15," $5,850,000 "
51085,172," $105,025,000 "
51840,5," $1,250,000 "
51069,239," $146,625,000 "
51187,17," $5,100,000 "
51171,66," $32,400,000 "
51139,1," $250,000 "
51113,19," $16,600,000 "
51165,70," $60,050,000 "
51660,113," $64,875,000 "
51015,192," $108,675,000 "
51540,110," $60,850,000 "
51003,389," $207,225,000 "
51065,34," $19,025,000 "
51125,17," $13,700,000 "
51009,25," $20,225,000 "
51079,16," $5,700,000 "
51109,9," $4,350,000 "
51820,4," $8,250,000 "
51073,32," $10,550,000 "
51135,17," $6,800,000 "
51007,19," $8,125,000 "
51029,41," $28,300,000 "
51101,4," $1,425,000 "
51127,73," $35,325,000 "
51115,7," $2,600,000 "
51049,12," $7,925,000 "
51036,36," $22,750,000 "
51087,507," $357,050,000 "
51075,144," $74,825,000 "
51095,97," $56,250,000 "
51199,184," $94,250,000 "
51145,50," $21,825,000 "
51041,526," $321,925,000 "
51760,817," $551,800,000 "
51830,1," $675,000 "
51001,30," $12,875,000 "
51093,12," $4,700,000 "
51131,15," $8,400,000 "
51810,994," $609,325,000 "
51550,452," $263,400,000 "
51800,75," $33,975,000 "
51740,153," $85,575,000 "
51181,10," $3,775,000 "
51710,298," $202,100,000 "
51700,220," $148,025,000 "
51650,161," $83,750,000 "
51735,0, $-   
51730,23," $9,125,000 "
51149,4," $1,425,000 "
51053,26," $21,650,000 "
51025,13," $5,375,000 "
51111,10," $11,125,000 "
51175,47," $22,300,000 "
51183,5," $1,675,000 "
51570,34," $13,525,000 "
51117,30," $13,300,000 "
51595,0, $-   
51081,1," $675,000 "
51620,0, $-   
51670,23," $9,975,000 "
51147,3," $2,025,000 "
51037,13," $9,450,000 "
51011,34," $21,750,000 "
51083,15," $7,125,000 "
51031,33," $19,400,000 "
51770,237," $167,100,000 "
51161,25," $10,050,000 "
51023,90," $57,175,000 "
51067,149," $99,150,000 "
51775,112," $72,300,000 "
51035,9," $6,025,000 "
51141,24," $12,750,000 "
51143,53," $30,300,000 "
51089,27," $15,900,000 "
51155,9," $3,100,000 "
51063,27," $12,250,000 "
51121,117," $89,100,000 "
51019,111," $55,400,000 "
51163,12," $8,350,000 "
51045,14," $8,125,000 "
51021,18," $7,875,000 "
51005,5," $2,100,000 "
51071,7," $3,450,000 "
51690,0, $-   
51750,0, $-   
51520,30," $23,500,000 "
51169,6," $3,175,000 "
51191,76," $42,775,000 "
51195,24," $10,650,000 "
51051,12," $3,850,000 "
51027,15," $8,375,000 "
51105,10," $4,600,000 "
51167,24," $13,475,000 "
51173,17," $6,800,000 "
51720,9," $3,525,000 "
51077,24," $16,000,000 "
51197,30," $14,650,000 "
51185,57," $30,300,000 "
51640,0, $-   
51790,4," $1,850,000 "
51017,5," $6,175,000 "
51091,0, $-   
51530,0, $-   
51580,0, $-   
51678,0, $-   
51680,147," $96,525,000 "
51590,77," $46,350,000 "
54055,71," $43,125,000 "
54109,14," $5,200,000 "
54047,7," $3,450,000 "
54059,12," $5,550,000 "
54025,50," $30,750,000 "
54089,2," $925,000 "
54063,1," $250,000 "
54075,7," $4,675,000 "
54019,107," $65,350,000 "
54043,4," $1,425,000 "
54069,152," $98,950,000 "
54039,392," $276,800,000 "
54087,8," $4,100,000 "
54081,46," $24,575,000 "
54005,9," $11,275,000 "
54079,74," $69,225,000 "
54015,2," $500,000 "
54045,31," $11,150,000 "
54067,26," $17,675,000 "
54007,15," $10,775,000 "
54053,19," $20,300,000 "
54035,29," $13,150,000 "
54013,16," $13,875,000 "
54105,0, $-   
54021,10," $4,200,000 "
54003,87," $49,525,000 "
54037,39," $16,450,000 "
54065,4," $1,000,000 "
54027,4," $1,425,000 "
54099,107," $63,675,000 "
54011,161," $113,850,000 "
54009,10," $3,350,000 "
54051,7," $3,875,000 "
54103,12," $6,775,000 "
54029,57," $38,250,000 "
54107,122," $68,800,000 "
54073,2," $500,000 "
54085,9," $6,450,000 "
54095,10," $8,675,000 "
54097,2," $925,000 "
54041,10," $8,275,000 "
54001,95," $86,525,000 "
54101,6," $6,850,000 "
54083,46," $24,550,000 "
54093,6," $3,175,000 "
54077,29," $24,150,000 "
54033,143," $86,075,000 "
54017,0, $-   
54091,5," $3,775,000 "
54049,13," $6,600,000 "
54061,163," $84,100,000 "
54023,17," $7,200,000 "
54057,12," $5,525,000 "
54031,12," $10,025,000 "
54071,4," $1,425,000 "
37059,131," $67,050,000 "
37171,98," $58,675,000 "
37169,40," $17,925,000 "
37067,560," $363,075,000 "
37197,13," $8,600,000 "
37057,290," $172,200,000 "
37097,263," $170,950,000 "
37159,167," $124,000,000 "
37193,74," $32,825,000 "
37157,70," $51,725,000 "
37001,97," $50,625,000 "
37151,250," $155,350,000 "
37037,231," $148,125,000 "
37125,151," $95,775,000 "
37123,16," $8,200,000 "
37033,9," $5,200,000 "
37081,1175," $842,900,000 "
37153,26," $17,225,000 "
37145,22," $10,125,000 "
37135,460," $266,450,000 "
37063,551," $373,800,000 "
37085,160," $88,925,000 "
37105,8," $2,850,000 "
37101,224," $113,100,000 "
37183,2160," $1,406,300,000 "
37181,32," $16,325,000 "
37077,58," $29,650,000 "
37069,142," $67,350,000 "
37191,83," $41,675,000 "
37079,70," $45,500,000 "
37185,3," $1,600,000 "
37195,134," $79,875,000 "
37127,31," $13,650,000 "
37065,152," $80,750,000 "
37015,16," $5,275,000 "
37091,24," $18,775,000 "
37131,18," $16,450,000 "
37013,21," $5,675,000 "
37095,3," $1,175,000 "
37147,254," $156,175,000 "
37117,74," $37,250,000 "
37083,46," $29,200,000 "
37177,4," $1,850,000 "
37187,2," $925,000 "
37139,3," $1,175,000 "
37029,46," $26,175,000 "
37055,99," $48,975,000 "
37053,25," $8,375,000 "
37143,26," $13,150,000 "
37073,6," $1,925,000 "
37041,1," $250,000 "
37167,84," $48,700,000 "
37071,307," $203,325,000 "
37109,68," $33,950,000 "
37007,12," $8,775,000 "
37045,97," $52,650,000 "
37023,109," $90,450,000 "
37161,69," $38,575,000 "
37025,342," $198,850,000 "
37119,2508," $1,651,300,000 "
37035,371," $241,175,000 "
37179,470," $255,425,000 "
37149,12," $7,950,000 "
37111,77," $29,400,000 "
37051,221," $140,650,000 "
37093,118," $61,425,000 "
37017,41," $28,375,000 "
37163,47," $21,350,000 "
37047,50," $21,375,000 "
37061,21," $13,950,000 "
37155,94," $58,400,000 "
37165,12," $7,525,000 "
37129,422," $199,675,000 "
37141,87," $38,075,000 "
37019,251," $138,175,000 "
37133,144," $65,350,000 "
37107,68," $40,550,000 "
37049,131," $69,925,000 "
37103,37," $23,975,000 "
37137,9," $2,250,000 "
37031,124," $51,625,000 "
37027,10," $4,200,000 "
37003,46," $28,200,000 "
37189,16," $6,125,000 "
37011,103," $49,675,000 "
37009,16," $15,775,000 "
37005,8," $5,775,000 "
37021,656," $393,800,000 "
37115,23," $11,525,000 "
37173,0, $-   
37075,12," $8,350,000 "
37089,109," $55,950,000 "
37121,1," $1,500,000 "
37199,2," $925,000 "
37099,17," $11,300,000 "
37175,70," $26,375,000 "
37113,58," $29,150,000 "
37087,50," $26,275,000 "
37043,30," $14,975,000 "
37039,10," $4,200,000 "
45085,109," $67,050,000 "
45027,6," $2,350,000 "
45079,636," $416,775,000 "
45009,8," $6,175,000 "
45081,11," $8,525,000 "
45003,151," $85,800,000 "
45063,430," $267,950,000 "
45025,52," $28,525,000 "
45055,22," $9,275,000 "
45061,82," $36,825,000 "
45023,124," $73,850,000 "
45039,12," $5,525,000 "
45035,172," $86,850,000 "
45075,78," $41,600,000 "
45017,10," $4,175,000 "
45087,14," $6,875,000 "
45071,69," $26,975,000 "
45059,50," $32,475,000 "
45089,83," $55,050,000 "
45057,104," $67,750,000 "
45015,264," $155,025,000 "
45031,28," $16,250,000 "
45029,36," $14,075,000 "
45041,213," $114,400,000 "
45037,33," $14,150,000 "
45047,45," $30,575,000 "
45083,390," $268,775,000 "
45021,141," $87,975,000 "
45045,1004," $647,075,000 "
45019,1209," $708,675,000 "
45043,36," $16,200,000 "
45051,668," $318,325,000 "
45069,23," $11,650,000 "
45067,9," $3,500,000 "
45033,21," $9,475,000 "
45007,325," $167,375,000 "
45077,132," $81,725,000 "
45065,5," $2,525,000 "
45001,48," $36,050,000 "
45073,41," $20,325,000 "
45091,206," $107,225,000 "
45011,7," $4,275,000 "
45005,14," $9,700,000 "
45049,14," $8,450,000 "
45013,411," $213,375,000 "
45053,28," $15,325,000 "
13089,1012," $631,325,000 "
13135,2279," $1,533,675,000 "
13117,139," $76,025,000 "
13057,530," $280,175,000 "
13121,4404," $3,314,750,000 "
13067,1587," $966,075,000 "
13013,55," $34,675,000 "
13247,0, $-   
13297,54," $26,875,000 "
13217,145," $84,575,000 "
13159,87," $40,900,000 "
13211,38," $30,950,000 "
13085,32," $14,225,000 "
13223,105," $58,375,000 "
13015,245," $145,150,000 "
13129,99," $56,375,000 "
13115,117," $79,675,000 "
13233,19," $13,975,000 "
13055,6," $2,775,000 "
13097,76," $28,200,000 "
13227,59," $26,475,000 "
13045,177," $94,025,000 "
13149,11," $5,700,000 "
13143,13," $9,050,000 "
13123,33," $20,225,000 "
13207,108," $62,250,000 "
13171,56," $28,475,000 "
13293,26," $13,125,000 "
13113,249," $128,775,000 "
13255,21," $13,775,000 "
13231,3," $1,175,000 "
13063,203," $141,875,000 "
13035,16," $6,100,000 "
13077,156," $80,550,000 "
13285,92," $54,600,000 "
13199,17," $8,450,000 "
13151,294," $161,325,000 "
13107,28," $22,225,000 "
13209,3," $1,175,000 "
13309,0, $-   
13175,21," $8,625,000 "
13167,1," $250,000 "
13303,32," $27,350,000 "
13163,11," $8,175,000 "
13109,40," $19,675,000 "
13031,108," $54,050,000 "
13267,5," $2,525,000 "
13043,13," $7,025,000 "
13251,4," $1,000,000 "
13165,2," $1,350,000 "
13033,18," $9,550,000 "
13183,2," $925,000 "
13279,5," $1,675,000 "
13283,55," $23,875,000 "
13103,59," $30,525,000 "
13139,401," $284,175,000 "
13137,73," $33,200,000 "
13011,27," $12,200,000 "
13111,26," $10,300,000 "
13187,60," $29,225,000 "
13291,21," $9,875,000 "
13147,50," $28,775,000 "
13119,21," $15,225,000 "
13157,136," $79,750,000 "
13311,33," $14,875,000 "
13241,15," $7,950,000 "
13281,4," $4,675,000 "
13195,13," $9,450,000 "
13257,1," $1,500,000 "
13213,3," $1,175,000 "
13059,72," $42,425,000 "
13219,269," $161,825,000 "
13221,15," $8,275,000 "
13105,0, $-   
13237,32," $13,900,000 "
13317,6," $2,350,000 "
13265,21," $13,975,000 "
13133,29," $11,900,000 "
13181,0, $-   
13141,1," $675,000 "
13047,30," $17,825,000 "
13295,32," $18,850,000 "
13313,155," $98,975,000 "
13083,14," $13,700,000 "
13073,180," $85,975,000 "
13189,19," $10,625,000 "
13125,0, $-   
13245,336," $201,825,000 "
13301,20," $13,300,000 "
13017,22," $12,925,000 "
13315,23," $11,225,000 "
13319,112," $58,925,000 "
13153,137," $67,825,000 "
13263,6," $1,925,000 "
13269,6," $3,175,000 "
13093,12," $10,350,000 "
13225,41," $26,650,000 "
13079,4," $1,000,000 "
13081,5," $1,250,000 "
13271,6," $2,350,000 "
13091,26," $17,700,000 "
13023,2," $925,000 "
13289,32," $24,075,000 "
13235,0, $-   
13021,189," $118,825,000 "
13193,18," $9,150,000 "
13169,16," $6,525,000 "
13009,3," $1,175,000 "
13197,1," $675,000 "
13249,20," $11,625,000 "
13179,24," $13,050,000 "
13051,650," $369,675,000 "
13029,33," $18,750,000 "
13191,14," $9,700,000 "
13299,31," $15,325,000 "
13025,1," $675,000 "
13229,57," $42,800,000 "
13005,14," $8,125,000 "
13161,0, $-   
13069,70," $39,225,000 "
13155,13," $6,625,000 "
13001,39," $20,600,000 "
13305,22," $17,825,000 "
13127,169," $75,000,000 "
13039,21," $6,525,000 "
13049,10," $5,025,000 "
13065,12," $13,375,000 "
13003,8," $5,350,000 "
13185,89," $55,875,000 "
13027,93," $37,600,000 "
13173,12," $5,125,000 "
13075,27," $13,900,000 "
13019,15," $9,975,000 "
13275,110," $62,250,000 "
13101,19," $6,025,000 "
13277,93," $45,375,000 "
13071,57," $24,300,000 "
13177,93," $55,325,000 "
13095,117," $54,150,000 "
13205,30," $12,975,000 "
13321,15," $5,450,000 "
13261,35," $15,925,000 "
13287,7," $2,600,000 "
13007,6," $4,000,000 "
13273,2," $500,000 "
13131,9," $2,675,000 "
13087,33," $24,325,000 "
13307,3," $4,000,000 "
13215,270," $162,275,000 "
13145,44," $25,625,000 "
13053,0, $-   
13259,3," $1,175,000 "
12019,176," $87,725,000 "
12109,547," $295,200,000 "
12107,82," $46,650,000 "
12121,52," $23,850,000 "
12067,5," $2,925,000 "
12029,8," $2,850,000 "
12041,10," $5,850,000 "
12089,103," $41,650,000 "
12023,71," $33,650,000 "
12003,26," $12,725,000 "
12007,18," $6,625,000 "
12001,430," $246,700,000 "
12047,2," $500,000 "
12125,12," $8,350,000 "
12079,11," $6,125,000 "
12031,1799," $1,136,625,000 "
12035,82," $37,600,000 "
12127,733," $380,150,000 "
12069,558," $316,275,000 "
12083,507," $271,425,000 "
12119,91," $70,100,000 "
12073,571," $301,775,000 "
12065,4," $2,250,000 "
12037,24," $8,550,000 "
12077,22," $15,725,000 "
12039,26," $14,825,000 "
12129,2," $500,000 "
12123,23," $12,825,000 "
12005,336," $183,925,000 "
12131,266," $115,925,000 "
12133,3," $1,600,000 "
12063,26," $13,975,000 "
12013,22," $10,125,000 "
12059,11," $4,000,000 "
12045,5," $2,500,000 "
12033,559," $318,200,000 "
12113,171," $90,075,000 "
12091,320," $170,450,000 "
12075,54," $26,550,000 "
12117,881," $512,250,000 "
12095,3115," $1,938,175,000 "
12009,881," $484,800,000 "
12097,301," $144,300,000 "
12061,306," $157,650,000 "
12087,258," $114,125,000 "
12086,6866," $4,070,150,000 "
12011,5010," $2,940,475,000 "
12099,3937," $2,347,700,000 "
12085,377," $182,675,000 "
12051,60," $41,025,000 "
12043,24," $9,800,000 "
12057,3133," $2,019,875,000 "
12101,518," $287,675,000 "
12053,171," $74,875,000 "
12105,810," $467,600,000 "
12081,689," $392,625,000 "
12103,2195," $1,369,175,000 "
12055,124," $53,225,000 "
12049,26," $8,625,000 "
12027,8," $4,525,000 "
12071,1632," $896,075,000 "
12015,234," $100,325,000 "
12021,809," $435,825,000 "
12115,1115," $636,775,000 "
12017,118," $68,875,000 "
12111,412," $220,525,000 "
12093,3," $1,175,000 "
1115,104," $51,650,000 "
1073,1505," $1,020,100,000 "
1125,338," $197,525,000 "
1127,60," $34,175,000 "
1117,645," $406,925,000 "
1051,66," $30,725,000 "
1123,15," $15,200,000 "
1037,47," $25,525,000 "
1009,84," $55,675,000 "
1121,98," $75,275,000 "
1103,203," $139,250,000 "
1043,104," $61,725,000 "
1095,89," $47,425,000 "
1007,30," $16,250,000 "
1105,12," $8,775,000 "
1021,27," $13,100,000 "
1133,52," $26,400,000 "
1027,12," $11,600,000 "
1015,60," $29,750,000 "
1055,33," $19,475,000 "
1065,14," $8,550,000 "
1119,5," $4,200,000 "
1107,11," $8,975,000 "
1063,7," $3,450,000 "
1079,29," $32,075,000 "
1057,10," $6,175,000 "
1093,7," $7,125,000 "
1075,26," $14,375,000 "
1059,39," $25,425,000 "
1033,78," $67,275,000 "
1083,68," $43,500,000 "
1077,150," $81,950,000 "
1089,704," $509,450,000 "
1071,31," $23,425,000 "
1049,98," $59,550,000 "
1019,69," $30,200,000 "
1001,28," $12,500,000 "
1011,0, $-   
1109,55," $38,625,000 "
1041,2," $925,000 "
1031,38," $18,225,000 "
1045,170," $104,125,000 "
1101,534," $325,825,000 "
1087,132," $76,325,000 "
1013,22," $13,400,000 "
1067,20," $9,650,000 "
1005,2," $500,000 "
1113,64," $37,825,000 "
1039,31," $13,250,000 "
1131,8," $5,375,000 "
1085,33," $24,300,000 "
1035,65," $38,375,000 "
1099,2," $1,750,000 "
1029,42," $18,925,000 "
1111,16," $10,200,000 "
1017,90," $52,900,000 "
1061,19," $10,950,000 "
1069,147," $81,275,000 "
1053,24," $15,875,000 "
1025,44," $27,125,000 "
1003,471," $217,050,000 "
1097,740," $496,450,000 "
1129,14," $6,025,000 "
1023,7," $3,025,000 "
1047,14," $4,775,000 "
1091,37," $24,500,000 "
1081,56," $29,800,000 "
47147,175," $91,350,000 "
47125,93," $63,375,000 "
47037,2588," $1,790,975,000 "
47041,36," $16,150,000 "
47159,9," $3,950,000 "
47189,33," $13,725,000 "
47149,468," $255,425,000 "
47187,392," $244,275,000 "
47021,43," $26,100,000 "
47015,31," $13,225,000 "
47031,41," $21,525,000 "
47003,117," $67,550,000 "
47117,2," $1,750,000 "
47111,10," $8,350,000 "
47169,76," $30,300,000 "
47165,253," $142,275,000 "
47161,4," $1,000,000 "
47081,49," $30,225,000 "
47043,15," $7,950,000 "
47087,8," $7,775,000 "
47135,1," $250,000 "
47101,11," $5,275,000 "
47103,58," $33,200,000 "
47055,42," $33,950,000 "
47083,8," $2,850,000 "
47085,27," $14,225,000 "
47119,6," $1,500,000 "
47181,7," $3,875,000 "
47061,6," $2,350,000 "
47175,2," $925,000 "
47177,16," $7,775,000 "
47153,4," $1,000,000 "
47127,26," $13,150,000 "
47027,15," $8,275,000 "
47051,12," $5,950,000 "
47065,888," $560,575,000 "
47107,52," $30,550,000 "
47139,18," $10,300,000 "
47121,3," $1,600,000 "
47011,84," $44,300,000 "
47123,1," $675,000 "
47143,10," $4,175,000 "
47007,51," $25,675,000 "
47035,55," $22,625,000 "
47115,93," $66,550,000 "
47157,1799," $1,203,075,000 "
47019,108," $80,775,000 "
47171,0, $-   
47179,135," $98,775,000 "
47163,157," $93,175,000 "
47059,53," $28,625,000 "
47091,4," $5,500,000 "
47073,97," $49,950,000 "
47009,186," $120,775,000 "
47001,135," $117,725,000 "
47173,16," $9,375,000 "
47025,11," $5,275,000 "
47057,9," $4,775,000 "
47093,1075," $685,925,000 "
47063,51," $29,575,000 "
47029,17," $13,175,000 "
47013,36," $16,200,000 "
47129,18," $10,400,000 "
47155,197," $107,900,000 "
47089,109," $101,725,000 "
47049,1," $250,000 "
47067,5," $2,100,000 "
47151,16," $10,725,000 "
47105,68," $39,925,000 "
47145,15," $5,850,000 "
47033,11," $3,600,000 "
47047,166," $103,650,000 "
47167,21," $15,875,000 "
47075,98," $51,975,000 "
47113,22," $11,400,000 "
47045,40," $20,425,000 "
47069,7," $3,850,000 "
47097,18," $9,150,000 "
47109,12," $10,025,000 "
47023,20," $18,025,000 "
47053,34," $17,275,000 "
47095,1," $250,000 "
47131,66," $42,500,000 "
47183,59," $34,450,000 "
47079,5," $2,525,000 "
47017,158," $94,875,000 "
47005,0, $-   
47071,31," $17,750,000 "
47039,6," $2,350,000 "
47077,27," $12,625,000 "
47099,7," $5,100,000 "
47141,7," $2,175,000 "
47133,112," $48,300,000 "
47185,38," $24,400,000 "
47137,18," $7,475,000 "
28071,12," $7,100,000 "
28137,24," $9,375,000 "
28139,20," $9,225,000 "
28009,45," $26,250,000 "
28119,6," $1,500,000 "
28107,40," $24,075,000 "
28145,15," $4,175,000 "
28033,119," $58,925,000 "
28093,82," $34,825,000 "
28011,55," $26,275,000 "
28027,21," $11,150,000 "
28143,8," $6,100,000 "
28115,271," $141,600,000 "
28135,43," $28,100,000 "
28117,2," $500,000 "
28003,59," $36,700,000 "
28151,66," $51,775,000 "
28125,2," $1,750,000 "
28133,8," $6,100,000 "
28083,60," $46,275,000 "
28055,1," $250,000 "
28053,1," $250,000 "
28081,105," $66,500,000 "
28057,16," $21,875,000 "
28095,41," $22,350,000 "
28141,16," $7,350,000 "
28013,20," $16,900,000 "
28017,0, $-   
28043,0, $-   
28097,2," $1,350,000 "
28155,6," $2,350,000 "
28015,10," $5,000,000 "
28161,2," $500,000 "
28051,6," $3,200,000 "
28163,14," $11,775,000 "
28049,508," $329,400,000 "
28089,332," $204,225,000 "
28121,111," $81,825,000 "
28129,86," $53,300,000 "
28127,27," $17,575,000 "
28007,14," $9,800,000 "
28099,8," $4,100,000 "
28079,35," $17,900,000 "
28123,16," $6,550,000 "
28101,4," $1,425,000 "
28029,4," $1,850,000 "
28063,49," $31,500,000 "
28037,45," $20,150,000 "
28085,9," $8,850,000 "
28021,3," $3,675,000 "
28159,0, $-   
28019,26," $14,275,000 "
28031,169," $98,625,000 "
28065,37," $36,225,000 "
28001,6," $16,925,000 "
28077,2," $1,750,000 "
28149,50," $25,925,000 "
28067,118," $66,625,000 "
28061,10," $16,350,000 "
28075,19," $11,375,000 "
28023,102," $60,125,000 "
28069,1," $675,000 "
28153,14," $10,125,000 "
28103,39," $37,050,000 "
28041,24," $13,900,000 "
28073,28," $9,950,000 "
28035,22," $8,900,000 "
28091,18," $11,550,000 "
28111,3," $1,600,000 "
28045,75," $39,000,000 "
28109,11," $3,175,000 "
28059,173," $88,525,000 "
28039,0, $-   
28131,15," $7,125,000 "
28147,37," $20,200,000 "
28047,263," $142,950,000 "
28113,19," $10,225,000 "
28005,7," $2,600,000 "
28157,10," $4,600,000 "
28087,71," $39,050,000 "
28105,4," $1,850,000 "
28025,64," $32,600,000 "
13037,19," $7,300,000 "
13099,15," $13,200,000 "
13201,1," $675,000 "
13061,7," $5,925,000 "
13253,4," $1,000,000 "
13243,2," $1,750,000 "
13239,0, $-   
21073,12," $6,375,000 "
21211,159," $116,050,000 "
21179,63," $34,925,000 "
21103,28," $14,050,000 "
21223,1," $250,000 "
21041,11," $6,525,000 "
21229,13," $7,900,000 "
21215,1," $675,000 "
21045,10," $7,025,000 "
21217,21," $13,150,000 "
21087,20," $11,225,000 "
21155,21," $12,300,000 "
21185,64," $39,975,000 "
21005,0, $-   
21029,67," $38,675,000 "
21111,1750," $1,321,750,000 "
21093,132," $74,100,000 "
21123,4," $1,850,000 "
21167,8," $5,775,000 "
21163,16," $8,625,000 "
21027,9," $7,175,000 "
21085,6," $2,350,000 "
21183,5," $5,350,000 "
21181,5," $2,100,000 "
21069,2," $925,000 "
21017,16," $19,850,000 "
21011,6," $3,600,000 "
21197,4," $1,850,000 "
21049,27," $12,200,000 "
21065,2," $1,750,000 "
21205,18," $7,050,000 "
21165,12," $6,350,000 "
21209,116," $73,950,000 "
21067,714," $440,975,000 "
21021,50," $34,775,000 "
21173,4," $2,675,000 "
21129,1," $250,000 "
21113,109," $52,675,000 "
21239,128," $88,200,000 "
21063,0, $-   
21043,18," $7,475,000 "
21187,3," $1,175,000 "
21097,31," $21,825,000 "
21151,92," $45,225,000 "
21175,1," $675,000 "
21109,0, $-   
21051,17," $10,475,000 "
21125,59," $33,150,000 "
21079,20," $11,750,000 "
21203,2," $500,000 "
21199,77," $40,200,000 "
21137,3," $1,175,000 "
21189,5," $4,175,000 "
21235,5," $2,100,000 "
21121,42," $24,125,000 "
21147,5," $3,350,000 "
21095,14," $9,700,000 "
21131,10," $3,775,000 "
21013,18," $16,475,000 "
21133,12," $10,350,000 "
21193,3," $1,175,000 "
21037,125," $78,875,000 "
21023,0, $-   
21161,13," $6,200,000 "
21081,6," $4,425,000 "
21191,7," $3,850,000 "
21201,1," $250,000 "
21015,145," $129,450,000 "
21117,420," $307,775,000 "
21077,5," $2,925,000 "
21135,19," $13,875,000 "
21089,25," $12,450,000 "
21019,91," $52,000,000 "
21127,0, $-   
21115,20," $8,800,000 "
21159,10," $11,850,000 "
21071,27," $19,600,000 "
21025,1," $675,000 "
21237,3," $750,000 "
21153,5," $1,675,000 "
21119,44," $29,525,000 "
21195,97," $75,000,000 "
21145,164," $102,450,000 "
21083,64," $29,900,000 "
21157,28," $23,575,000 "
21035,47," $25,800,000 "
21039,1," $250,000 "
21105,8," $2,850,000 "
21007,5," $5,350,000 "
21139,8," $7,775,000 "
21055,11," $6,525,000 "
21143,5," $2,100,000 "
21221,15," $6,275,000 "
21075,1," $675,000 "
21033,0, $-   
21061,20," $14,050,000 "
21227,111," $77,600,000 "
21031,141," $91,050,000 "
21213,2," $925,000 "
21003,30," $25,975,000 "
21009,10," $4,625,000 "
21169,56," $31,200,000 "
21099,12," $3,850,000 "
21001,13," $13,950,000 "
21057,26," $20,250,000 "
21171,9," $3,925,000 "
21141,5," $1,675,000 "
21219,12," $4,275,000 "
21047,76," $48,800,000 "
21177,5," $1,675,000 "
21101,77," $48,200,000 "
21149,21," $8,225,000 "
21059,176," $113,675,000 "
21091,6," $1,925,000 "
21233,8," $2,850,000 "
21225,16," $6,525,000 "
21107,60," $31,575,000 "
21231,0, $-   
21207,3," $2,000,000 "
21053,17," $8,875,000 "
39089,253," $136,450,000 "
39049,2730," $2,048,150,000 "
39041,451," $303,650,000 "
39117,81," $45,725,000 "
39083,21," $9,475,000 "
39031,108," $69,525,000 "
39075,21," $21,225,000 "
39159,82," $59,650,000 "
39021,20," $8,375,000 "
39023,232," $158,450,000 "
39139,145," $85,425,000 "
39045,129," $74,975,000 "
39097,200," $141,075,000 "
39119,103," $67,100,000 "
39091,64," $32,750,000 "
39127,20," $12,900,000 "
39129,23," $16,800,000 "
39141,79," $45,625,000 "
39073,105," $64,325,000 "
39047,33," $22,325,000 "
39057,404," $254,750,000 "
39163,38," $21,925,000 "
39027,91," $52,100,000 "
39101,6," $3,175,000 "
39033,106," $65,775,000 "
39003,121," $87,750,000 "
39065,9," $5,200,000 "
39175,20," $14,575,000 "
39063,171," $111,775,000 "
39147,93," $94,950,000 "
39011,148," $84,775,000 "
39149,170," $136,700,000 "
39173,239," $180,650,000 "
39143,32," $17,275,000 "
39123,123," $93,550,000 "
39095,874," $667,875,000 "
39043,165," $91,750,000 "
39171,30," $15,500,000 "
39069,16," $6,975,000 "
39051,130," $91,875,000 "
39039,91," $55,900,000 "
39125,37," $22,600,000 "
39137,85," $57,100,000 "
39121,1," $250,000 "
39059,37," $21,325,000 "
39013,62," $49,225,000 "
39111,8," $4,100,000 "
39115,30," $12,125,000 "
39009,43," $19,600,000 "
39157,175," $111,500,000 "
39167,103," $78,050,000 "
39067,32," $15,600,000 "
39081,69," $40,375,000 "
39019,45," $22,625,000 "
39029,78," $39,225,000 "
39093,378," $224,275,000 "
39007,117," $65,650,000 "
39035,3207," $2,465,400,000 "
39055,448," $279,125,000 "
39085,400," $254,225,000 "
39103,470," $294,625,000 "
39153,1293," $835,150,000 "
39155,347," $256,200,000 "
39151,676," $469,675,000 "
39133,311," $214,875,000 "
39169,106," $52,975,000 "
39005,197," $136,250,000 "
39099,655," $419,700,000 "
39077,104," $84,625,000 "
39061,2307," $1,722,375,000 "
39017,452," $326,550,000 "
39135,35," $19,800,000 "
39165,619," $492,600,000 "
39113,857," $607,225,000 "
39015,6," $4,025,000 "
39001,15," $7,850,000 "
39025,311," $179,800,000 "
39071,59," $27,275,000 "
39131,16," $10,275,000 "
39037,111," $64,000,000 "
39109,66," $39,000,000 "
39107,52," $42,125,000 "
39079,1," $675,000 "
39145,140," $92,050,000 "
39053,22," $11,300,000 "
39105,29," $10,200,000 "
39087,33," $25,575,000 "
39161,41," $38,225,000 "
18095,226," $125,750,000 "
18035,179," $107,125,000 "
18057,937," $739,475,000 "
18159,37," $33,525,000 "
18011,391," $285,975,000 "
18023,102," $47,325,000 "
18107,28," $17,000,000 "
18053,45," $33,900,000 "
18097,1904," $1,406,500,000 "
18067,55," $33,950,000 "
18059,121," $82,275,000 "
18015,54," $22,375,000 "
18157,152," $94,550,000 "
18063,176," $101,975,000 "
18065,65," $39,875,000 "
18139,56," $27,775,000 "
18133,60," $36,950,000 "
18109,129," $69,425,000 "
18081,175," $104,425,000 "
18145,47," $23,675,000 "
18119,88," $61,900,000 "
18005,73," $57,325,000 "
18041,35," $16,200,000 "
18121,23," $13,625,000 "
18105,123," $64,125,000 "
18031,5," $2,100,000 "
18013,7," $5,100,000 "
18047,44," $46,875,000 "
18127,164," $106,675,000 "
18089,973," $622,450,000 "
18073,33," $22,325,000 "
18111,34," $16,125,000 "
18091,175," $111,525,000 "
18131,4," $1,000,000 "
18149,47," $41,900,000 "
18049,5," $4,925,000 "
18099,52," $36,975,000 "
18085,141," $98,775,000 "
18141,541," $431,575,000 "
18039,523," $364,250,000 "
18087,76," $54,175,000 "
18113,43," $22,100,000 "
18183,92," $59,700,000 "
18069,28," $18,550,000 "
18169,32," $22,150,000 "
18151,63," $45,150,000 "
18003,855," $583,425,000 "
18033,111," $77,850,000 "
18001,96," $77,300,000 "
18179,67," $42,925,000 "
18075,26," $15,250,000 "
18103,47," $29,900,000 "
18017,43," $28,500,000 "
18009,8," $2,850,000 "
18181,81," $61,650,000 "
18115,3," $1,175,000 "
18029,53," $27,050,000 "
18161,74," $47,625,000 "
18137,44," $32,350,000 "
18155,3," $2,425,000 "
18079,37," $25,325,000 "
18077,1," $250,000 "
18143,0, $-   
18071,159," $102,975,000 "
18019,308," $201,100,000 "
18175,30," $26,500,000 "
18043,100," $52,200,000 "
18061,11," $4,450,000 "
18093,1," $250,000 "
18117,20," $18,050,000 "
18025,24," $10,625,000 "
18123,18," $12,050,000 "
18135,23," $14,150,000 "
18177,7," $3,850,000 "
18055,85," $57,525,000 "
18021,2," $500,000 "
18101,4," $1,425,000 "
18037,124," $89,250,000 "
18153,14," $15,275,000 "
18027,54," $27,775,000 "
18083,63," $35,725,000 "
18173,55," $25,175,000 "
18147,43," $25,650,000 "
18125,8," $6,100,000 "
18129,88," $60,750,000 "
18163,363," $254,675,000 "
18051,86," $65,325,000 "
18167,149," $96,100,000 "
18165,13," $8,175,000 "
18171,11," $8,200,000 "
18007,12," $11,600,000 "
18045,10," $4,200,000 "
26147,221," $127,400,000 "
26087,158," $88,725,000 "
26099,1683," $1,163,025,000 "
26125,4457," $3,148,000,000 "
26151,54," $45,525,000 "
26163,2506," $1,835,750,000 "
26161,727," $473,975,000 "
26115,202," $149,025,000 "
26093,448," $239,450,000 "
26075,308," $214,150,000 "
26091,158," $104,425,000 "
26049,448," $311,875,000 "
26063,50," $30,600,000 "
26155,82," $49,000,000 "
26157,70," $44,500,000 "
26145,374," $256,950,000 "
26017,172," $108,575,000 "
26051,3," $1,175,000 "
26129,22," $12,975,000 "
26011,16," $12,725,000 "
26111,169," $94,050,000 "
26035,41," $24,800,000 "
26057,69," $33,500,000 "
26073,159," $108,175,000 "
26119,1," $250,000 "
26135,11," $10,100,000 "
26143,26," $22,650,000 "
26113,13," $4,100,000 "
26133,15," $6,700,000 "
26039,5," $2,525,000 "
26001,11," $3,175,000 "
26069,25," $12,150,000 "
26007,1," $1,500,000 "
26065,519," $353,825,000 "
26037,36," $19,425,000 "
26081,1781," $1,402,175,000 "
26117,53," $34,900,000 "
26067,109," $53,425,000 "
26025,74," $35,225,000 "
26045,206," $135,950,000 "
26015,81," $49,600,000 "
26107,41," $23,500,000 "
26077,633," $457,425,000 "
26159,100," $54,975,000 "
26005,571," $436,025,000 "
26023,59," $30,850,000 "
26149,57," $38,325,000 "
26021,236," $128,950,000 "
26027,104," $74,700,000 "
26059,55," $29,025,000 "
26121,294," $184,075,000 "
26123,13," $7,875,000 "
26085,62," $47,175,000 "
26139,652," $469,675,000 "
26127,23," $12,050,000 "
26105,50," $35,900,000 "
26101,4," $1,425,000 "
26165,8," $4,125,000 "
26055,227," $128,700,000 "
26009,43," $29,550,000 "
26079,39," $41,775,000 "
26019,23," $20,025,000 "
26089,160," $76,875,000 "
26047,47," $18,500,000 "
26031,113," $55,950,000 "
26141,54," $35,800,000 "
26033,42," $32,550,000 "
26029,8," $2,850,000 "
26097,18," $9,450,000 "
26137,57," $29,225,000 "
26043,60," $43,325,000 "
26061,42," $19,350,000 "
26083,3," $1,175,000 "
26003,10," $4,200,000 "
26041,72," $43,650,000 "
26109,40," $26,900,000 "
26103,114," $67,025,000 "
26153,12," $9,200,000 "
26095,2," $500,000 "
26013,11," $8,525,000 "
26071,17," $6,375,000 "
26131,4," $1,000,000 "
26053,20," $10,450,000 "
19181,44," $29,750,000 "
19001,18," $18,775,000 "
19077,10," $6,300,000 "
19049,256," $188,475,000 "
19127,8," $9,450,000 "
19197,27," $30,575,000 "
19083,28," $16,150,000 "
19079,35," $23,700,000 "
19069,18," $9,150,000 "
19153,1159," $809,650,000 "
19185,6," $6,425,000 "
19169,123," $78,900,000 "
19015,35," $12,975,000 "
19009,21," $11,575,000 "
19029,27," $14,625,000 "
19165,25," $15,400,000 "
19027,50," $28,675,000 "
19073,11," $12,625,000 "
19123,123," $75,625,000 "
19157,15," $8,375,000 "
19099,49," $32,950,000 "
19121,8," $3,700,000 "
19125,14," $18,925,000 "
19135,12," $9,225,000 "
19117,6," $3,175,000 "
19025,8," $7,350,000 "
19053,5," $3,750,000 "
19175,0, $-   
19159,7," $6,675,000 "
19107,8," $10,275,000 "
19171,54," $31,800,000 "
19039,0, $-   
19095,22," $16,975,000 "
19075,21," $8,625,000 "
19187,66," $41,450,000 "
19195,22," $15,475,000 "
19033,100," $68,725,000 "
19081,21," $24,775,000 "
19189,19," $8,575,000 "
19109,31," $28,750,000 "
19131,8," $4,950,000 "
19091,27," $23,250,000 "
19067,30," $21,575,000 "
19023,97," $61,225,000 "
19089,26," $20,900,000 "
19151,9," $6,350,000 "
19021,6," $1,500,000 "
19063,1," $1,500,000 "
19147,12," $10,025,000 "
19041,60," $34,250,000 "
19161,38," $26,425,000 "
19037,15," $20,525,000 "
19065,18," $15,225,000 "
19043,33," $30,900,000 "
19019,31," $21,800,000 "
19013,168," $131,150,000 "
19017,27," $34,475,000 "
19055,53," $37,125,000 "
19011,181," $147,875,000 "
19003,10," $11,875,000 "
19173,6," $4,025,000 "
19145,12," $7,525,000 "
19137,12," $14,775,000 "
19149,44," $25,075,000 "
19035,23," $16,500,000 "
19167,148," $130,375,000 "
19193,203," $135,650,000 "
19093,19," $19,350,000 "
19047,35," $24,925,000 "
19141,18," $7,475,000 "
19133,10," $7,875,000 "
19119,46," $26,850,000 "
19143,2," $500,000 "
19059,46," $23,100,000 "
19155,110," $67,225,000 "
19129,15," $13,125,000 "
19085,15," $13,300,000 "
19071,15," $11,600,000 "
19061,229," $176,325,000 "
19097,10," $4,625,000 "
19105,16," $9,050,000 "
19045,69," $37,175,000 "
19005,16," $9,375,000 "
19191,48," $38,700,000 "
19115,19," $10,125,000 "
19183,59," $45,000,000 "
19113,395," $287,950,000 "
19103,252," $143,500,000 "
19031,37," $19,725,000 "
19179,2," $500,000 "
19101,40," $31,100,000 "
19177,4," $2,250,000 "
19051,10," $6,175,000 "
19007,8," $5,775,000 "
19057,80," $64,000,000 "
19111,60," $27,275,000 "
19087,3," $1,600,000 "
19139,47," $21,000,000 "
19163,385," $263,275,000 "
55117,240," $156,050,000 "
55131,278," $168,925,000 "
55027,183," $120,525,000 "
55089,420," $277,425,000 "
55133,1337," $971,775,000 "
55039,202," $134,200,000 "
55079,1833," $1,426,350,000 "
55015,139," $98,875,000 "
55071,183," $138,125,000 "
55055,147," $104,925,000 "
55059,204," $144,150,000 "
55101,323," $213,275,000 "
55127,305," $198,675,000 "
55105,271," $174,600,000 "
55045,56," $31,100,000 "
55049,52," $31,300,000 "
55065,36," $14,050,000 "
55025,1482," $1,027,150,000 "
55023,8," $4,100,000 "
55103,34," $26,200,000 "
55043,70," $38,450,000 "
55021,81," $62,450,000 "
55111,100," $70,550,000 "
55077,60," $36,150,000 "
55001,22," $12,975,000 "
55047,23," $9,550,000 "
55057,26," $10,300,000 "
55123,33," $16,650,000 "
55081,59," $52,000,000 "
55137,57," $37,800,000 "
55095,57," $30,450,000 "
55093,36," $19,525,000 "
55109,269," $172,500,000 "
55005,82," $57,925,000 "
55033,209," $144,525,000 "
55013,26," $26,175,000 "
55083,107," $64,800,000 "
55075,53," $29,025,000 "
55037,9," $3,525,000 "
55041,6," $4,450,000 "
55087,608," $430,725,000 "
55115,41," $30,400,000 "
55009,538," $387,200,000 "
55078,37," $20,100,000 "
55135,16," $11,475,000 "
55029,82," $36,450,000 "
55061,29," $18,000,000 "
55073,312," $217,400,000 "
55019,113," $86,900,000 "
55097,131," $80,975,000 "
55067,36," $17,025,000 "
55141,72," $34,350,000 "
55119,51," $42,400,000 "
55085,75," $33,900,000 "
55017,119," $66,050,000 "
55069,0, $-   
55099,25," $19,075,000 "
55053,59," $37,775,000 "
55125,34," $14,300,000 "
55003,35," $32,525,000 "
55051,15," $5,875,000 "
55007,12," $8,800,000 "
55107,11," $7,275,000 "
55113,29," $16,400,000 "
55063,282," $170,725,000 "
55011,21," $12,725,000 "
55121,23," $8,300,000 "
55035,51," $34,725,000 "
55091,2," $1,350,000 "
55129,25," $13,750,000 "
55031,77," $55,275,000 "
55139,235," $141,100,000 "
27163,207," $116,700,000 "
27003,732," $482,350,000 "
27059,64," $31,925,000 "
27065,17," $18,975,000 "
27115,35," $22,975,000 "
27025,134," $72,650,000 "
27049,133," $65,975,000 "
27037,1130," $740,775,000 "
27131,124," $74,975,000 "
27139,204," $160,150,000 "
27147,66," $40,600,000 "
27157,20," $11,625,000 "
27123,1328," $1,053,025,000 "
27095,4," $2,250,000 "
27161,13," $4,950,000 "
27001,12," $10,025,000 "
27053,4971," $3,824,075,000 "
27171,288," $186,625,000 "
27143,45," $30,900,000 "
27141,240," $156,750,000 "
27129,64," $43,625,000 "
27085,21," $13,550,000 "
27019,224," $172,275,000 "
27145,318," $219,425,000 "
27093,51," $34,325,000 "
27103,241," $162,275,000 "
27015,6," $5,175,000 "
27127,59," $56,775,000 "
27009,107," $64,725,000 "
27075,11," $5,700,000 "
27137,411," $230,725,000 "
27031,16," $7,800,000 "
27017,37," $35,725,000 "
27061,76," $55,350,000 "
27071,23," $12,350,000 "
27021,163," $90,675,000 "
27109,311," $200,075,000 "
27099,10," $11,100,000 "
27169,139," $84,050,000 "
27047,100," $63,475,000 "
27039,14," $13,800,000 "
27055,11," $8,125,000 "
27045,37," $19,275,000 "
27013,94," $74,125,000 "
27043,3," $1,175,000 "
27079,13," $6,200,000 "
27091,50," $28,275,000 "
27165,17," $7,625,000 "
27033,17," $11,725,000 "
27063,11," $10,625,000 "
27105,44," $24,775,000 "
27083,60," $34,175,000 "
27081,18," $11,525,000 "
27101,18," $8,700,000 "
27133,15," $5,025,000 "
27117,0, $-   
27173,31," $27,200,000 "
27067,154," $101,400,000 "
27149,23," $18,475,000 "
27073,13," $13,100,000 "
27151,8," $4,100,000 "
27023,7," $3,425,000 "
27011,4," $2,250,000 "
27155,7," $4,275,000 "
27121,137," $98,350,000 "
27051,59," $38,800,000 "
27097,75," $45,850,000 "
27041,21," $9,475,000 "
27111,74," $58,900,000 "
27153,19," $6,875,000 "
27035,41," $29,425,000 "
27057,13," $4,950,000 "
27159,11," $4,025,000 "
27005,59," $39,475,000 "
27029,25," $17,725,000 "
27107,9," $3,100,000 "
27167,76," $34,100,000 "
27027,28," $18,975,000 "
27087,6," $1,925,000 "
27119,41," $24,350,000 "
27125,16," $17,875,000 "
27007,82," $45,975,000 "
27077,2," $500,000 "
27135,17," $17,300,000 "
27113,2," $500,000 "
27089,39," $17,325,000 "
27069,5," $4,200,000 "
46083,184," $101,925,000 "
46127,70," $55,350,000 "
46011,5," $2,925,000 "
46101,65," $41,425,000 "
46099,559," $411,300,000 "
46027,12," $7,950,000 "
46087,6," $5,175,000 "
46125,5," $1,675,000 "
46079,28," $18,600,000 "
46067,16," $7,800,000 "
46135,46," $26,825,000 "
46009,3," $1,600,000 "
46097,3," $4,425,000 "
46077,6," $4,425,000 "
46029,1," $250,000 "
46057,96," $64,375,000 "
46039,11," $7,275,000 "
46051,2," $925,000 "
46109,28," $21,525,000 "
46025,7," $2,600,000 "
46037,10," $4,625,000 "
46091,5," $2,925,000 "
46115,5," $4,600,000 "
46035,5," $1,250,000 "
46061,55," $38,875,000 "
46005,6," $1,925,000 "
46111,34," $24,525,000 "
46073,4," $2,250,000 "
46023,12," $8,050,000 "
46043,2," $500,000 "
46053,7," $5,850,000 "
46017,0, $-   
46015,6," $5,600,000 "
46003,3," $2,000,000 "
46069,1," $250,000 "
46049,2," $1,750,000 "
46059,7," $3,025,000 "
46085,5," $2,100,000 "
46013,103," $58,350,000 "
46129,7," $4,675,000 "
46089,3," $750,000 "
46045,4," $1,850,000 "
46021,8," $2,850,000 "
46107,1," $250,000 "
46119,37," $15,600,000 "
46065,5," $1,675,000 "
46071,5," $2,925,000 "
46123,12," $8,350,000 "
46075,1," $675,000 "
46117,8," $2,850,000 "
46055,0, $-   
46007,2," $1,750,000 "
46103,312," $188,125,000 "
46121,4," $1,000,000 "
46095,1," $675,000 "
46105,0, $-   
46031,4," $2,250,000 "
46137,6," $1,925,000 "
46041,3," $1,175,000 "
46093,16," $5,275,000 "
46063,19," $8,975,000 "
46113,4," $3,925,000 "
46019,28," $10,800,000 "
46081,20," $7,950,000 "
46033,6," $4,750,000 "
46047,1," $250,000 "
38077,36," $34,725,000 "
38017,687," $447,100,000 "
38097,18," $8,300,000 "
38081,17," $7,200,000 "
38091,12," $6,375,000 "
38003,17," $8,025,000 "
38073,6," $1,925,000 "
38045,0, $-   
38021,11," $5,700,000 "
38039,8," $4,125,000 "
38035,210," $155,375,000 "
38099,24," $11,025,000 "
38063,1," $675,000 "
38067,19," $9,775,000 "
38019,9," $4,800,000 "
38071,26," $14,050,000 "
38079,7," $8,675,000 "
38095,4," $3,500,000 "
38069,2," $925,000 "
38009,15," $8,800,000 "
38005,14," $11,675,000 "
38103,3," $2,000,000 "
38083,3," $1,175,000 "
38027,10," $4,600,000 "
38031,1," $675,000 "
38049,2," $500,000 "
38093,47," $36,425,000 "
38051,1," $1,500,000 "
38043,5," $2,925,000 "
38047,5," $2,100,000 "
38015,251," $141,375,000 "
38029,4," $2,275,000 "
38037,2," $1,350,000 "
38059,48," $26,125,000 "
38057,5," $4,175,000 "
38065,5," $3,750,000 "
38085,2," $4,175,000 "
38055,13," $5,350,000 "
38001,7," $5,425,000 "
38041,7," $3,025,000 "
38025,32," $22,925,000 "
38089,106," $92,950,000 "
38007,1," $1,500,000 "
38087,9," $7,600,000 "
38053,86," $64,075,000 "
38033,4," $2,250,000 "
38011,2," $1,350,000 "
38101,165," $107,300,000 "
38075,4," $1,425,000 "
38061,37," $27,950,000 "
38013,11," $4,850,000 "
38023,7," $4,675,000 "
38105,146," $96,100,000 "
30009,22," $11,800,000 "
30095,0, $-   
30111,430," $264,025,000 "
30087,6," $6,425,000 "
30003,8," $4,925,000 "
30103,4," $2,675,000 "
30097,3," $1,175,000 "
30065,0, $-   
30037,3," $1,175,000 "
30067,21," $12,275,000 "
30069,0, $-   
30027,17," $14,975,000 "
30107,5," $1,675,000 "
30059,2," $1,350,000 "
30033,1," $250,000 "
30075,0, $-   
30031,288," $144,400,000 "
30055,0, $-   
30085,0, $-   
30019,2," $1,350,000 "
30105,19," $15,050,000 "
30091,6," $4,425,000 "
30083,55," $32,375,000 "
30079,12," $7,100,000 "
30021,4," $1,850,000 "
30071,7," $3,025,000 "
30017,23," $11,125,000 "
30011,2," $925,000 "
30025,14," $6,475,000 "
30109,2," $500,000 "
30013,143," $75,400,000 "
30015,2," $500,000 "
30049,138," $84,350,000 "
30035,3," $2,425,000 "
30099,4," $4,250,000 "
30073,6," $9,250,000 "
30045,0, $-   
30101,14," $6,900,000 "
30051,2," $500,000 "
30005,5," $4,925,000 "
30041,22," $10,550,000 "
30043,15," $5,875,000 "
30007,0, $-   
30023,0, $-   
30093,68," $38,250,000 "
30057,154," $80,400,000 "
30039,3," $2,850,000 "
30077,13," $17,950,000 "
30001,0, $-   
30063,311," $184,950,000 "
30061,3," $1,175,000 "
30047,24," $17,125,000 "
30089,9," $7,200,000 "
30081,48," $17,500,000 "
30029,232," $133,500,000 "
30053,19," $10,975,000 "
17097,1622," $1,161,400,000 "
17031,12016," $8,886,950,000 "
17043,4164," $3,110,450,000 "
17111,349," $214,825,000 "
17089,1160," $746,350,000 "
17007,80," $47,875,000 "
17037,213," $127,225,000 "
17141,36," $21,125,000 "
17201,579," $393,600,000 "
17197,1024," $642,075,000 "
17091,168," $108,825,000 "
17063,43," $33,050,000 "
17105,71," $45,950,000 "
17093,477," $289,525,000 "
17099,118," $74,500,000 "
17103,59," $52,100,000 "
17053,6," $1,500,000 "
17075,46," $31,850,000 "
17183,68," $43,950,000 "
17019,306," $186,800,000 "
17113,271," $172,075,000 "
17085,50," $35,175,000 "
17177,72," $43,775,000 "
17195,98," $58,175,000 "
17015,20," $10,475,000 "
17161,201," $133,300,000 "
17131,33," $18,250,000 "
17073,21," $13,975,000 "
17011,43," $25,250,000 "
17123,25," $10,450,000 "
17203,16," $20,275,000 "
17155,46," $30,200,000 "
17095,10," $3,350,000 "
17187,61," $44,575,000 "
17109,32," $24,825,000 "
17057,6," $2,775,000 "
17071,3," $1,600,000 "
17067,19," $12,625,000 "
17175,26," $8,625,000 "
17169,9," $3,925,000 "
17143,441," $287,675,000 "
17179,229," $154,225,000 "
17125,12," $6,250,000 "
17107,27," $11,800,000 "
17039,25," $10,075,000 "
17115,170," $91,875,000 "
17041,9," $4,350,000 "
17045,8," $4,125,000 "
17147,19," $10,950,000 "
17029,83," $59,975,000 "
17139,4," $1,850,000 "
17023,21," $21,625,000 "
17173,14," $8,425,000 "
17035,6," $3,200,000 "
17119,420," $279,900,000 "
17117,59," $35,500,000 "
17013,1," $250,000 "
17051,21," $8,650,000 "
17083,22," $12,525,000 "
17135,27," $15,450,000 "
17061,7," $4,250,000 "
17005,11," $9,800,000 "
17163,415," $267,325,000 "
17021,34," $14,850,000 "
17137,10," $4,200,000 "
17171,60," $28,825,000 "
17189,30," $21,650,000 "
17027,59," $33,525,000 "
17157,44," $45,950,000 "
17133,22," $9,300,000 "
17145,7," $6,675,000 "
17121,53," $35,650,000 "
17077,66," $34,925,000 "
17001,137," $88,475,000 "
17149,4," $2,675,000 "
17009,4," $1,850,000 "
17049,101," $56,575,000 "
17101,10," $4,600,000 "
17185,18," $16,475,000 "
17033,24," $27,200,000 "
17159,17," $6,775,000 "
17079,37," $26,150,000 "
17025,20," $10,775,000 "
17191,22," $11,700,000 "
17047,0, $-   
17167,303," $213,925,000 "
17017,12," $4,275,000 "
17129,7," $3,025,000 "
17081,60," $38,250,000 "
17065,7," $3,000,000 "
17055,36," $25,075,000 "
17193,2," $3,750,000 "
17059,19," $7,700,000 "
17199,104," $64,225,000 "
17165,38," $19,525,000 "
17087,3," $750,000 "
17181,24," $12,625,000 "
17127,10," $7,025,000 "
17151,1," $1,500,000 "
17003,5," $3,750,000 "
17069,3," $1,175,000 "
17153,2," $1,750,000 "
29189,2603," $1,809,950,000 "
29071,375," $241,175,000 "
29099,145," $76,300,000 "
29073,9," $14,000,000 "
29221,39," $22,575,000 "
29187,77," $36,750,000 "
29186,82," $54,825,000 "
29055,7," $6,275,000 "
29510,1328," $1,106,625,000 "
29183,731," $444,650,000 "
29163,24," $14,400,000 "
29113,61," $33,175,000 "
29139,20," $10,075,000 "
29219,41," $25,625,000 "
29007,2," $500,000 "
29173,39," $21,125,000 "
29027,319," $189,000,000 "
29127,23," $14,150,000 "
29045,5," $1,675,000 "
29121,18," $10,700,000 "
29199,3," $2,425,000 "
29205,5," $1,675,000 "
29111,8," $7,750,000 "
29137,27," $14,325,000 "
29103,6," $2,775,000 "
29001,16," $6,100,000 "
29175,22," $10,875,000 "
29197,1," $675,000 "
29171,0, $-   
29211,4," $2,700,000 "
29115,2," $500,000 "
29041,11," $7,375,000 "
29179,4," $1,425,000 "
29093,3," $2,425,000 "
29123,2," $1,750,000 "
29065,4," $3,500,000 "
29223,2," $925,000 "
29157,36," $34,050,000 "
29017,2," $1,350,000 "
29031,220," $138,575,000 "
29207,37," $22,800,000 "
29201,7," $4,275,000 "
29143,11," $11,700,000 "
29133,108," $56,975,000 "
29069,16," $8,925,000 "
29155,31," $17,325,000 "
29035,4," $1,850,000 "
29023,69," $35,325,000 "
29181,11," $4,850,000 "
29107,18," $9,125,000 "
29095,1617," $1,138,375,000 "
29101,43," $22,450,000 "
29037,101," $70,350,000 "
29177,12," $4,275,000 "
29165,208," $118,300,000 "
29195,6," $1,925,000 "
29159,94," $71,075,000 "
29047,400," $278,625,000 "
29033,9," $6,350,000 "
29049,13," $4,525,000 "
29025,6," $6,850,000 "
29021,126," $77,250,000 "
29075,2," $925,000 "
29081,12," $7,950,000 "
29227,1," $250,000 "
29003,31," $14,500,000 "
29063,0, $-   
29147,15," $6,300,000 "
29005,6," $4,025,000 "
29061,47," $21,325,000 "
29087,4," $5,100,000 "
29117,6," $2,350,000 "
29129,3," $750,000 "
29079,1," $250,000 "
29013,13," $8,175,000 "
29185,3," $750,000 "
29083,26," $9,900,000 "
29217,15," $8,275,000 "
29011,4," $2,275,000 "
29015,6," $1,925,000 "
29039,9," $3,950,000 "
29097,187," $104,250,000 "
29109,52," $27,200,000 "
29057,5," $1,675,000 "
29145,41," $26,000,000 "
29119,15," $5,875,000 "
29009,19," $14,300,000 "
29125,58," $31,075,000 "
29151,15," $13,525,000 "
29019,110," $59,900,000 "
29141,16," $13,425,000 "
29135,7," $3,025,000 "
29029,67," $36,250,000 "
29131,51," $21,175,000 "
29053,16," $6,950,000 "
29051,110," $77,475,000 "
29105,24," $11,050,000 "
29089,15," $9,100,000 "
29085,12," $4,275,000 "
29161,22," $11,700,000 "
29215,8," $9,350,000 "
29149,4," $2,250,000 "
29203,9," $3,950,000 "
29169,17," $9,200,000 "
29059,1," $250,000 "
29229,7," $2,175,000 "
29091,57," $34,675,000 "
29167,30," $10,875,000 "
29077,657," $423,650,000 "
29209,69," $32,450,000 "
29213,108," $47,625,000 "
29153,2," $500,000 "
29067,4," $2,250,000 "
29043,86," $56,100,000 "
29225,36," $22,275,000 "
20087,18," $13,250,000 "
20005,11," $6,525,000 "
20043,11," $4,450,000 "
20103,114," $70,775,000 "
20045,128," $69,950,000 "
20059,35," $28,500,000 "
20209,297," $213,025,000 "
20011,1," $250,000 "
20003,6," $5,175,000 "
20107,4," $2,250,000 "
20121,63," $49,475,000 "
20091,1852," $1,272,850,000 "
20001,20," $17,800,000 "
20013,10," $9,100,000 "
20177,277," $182,850,000 "
20085,6," $6,450,000 "
20031,14," $8,850,000 "
20139,5," $2,100,000 "
20061,119," $75,000,000 "
20197,15," $13,950,000 "
20131,36," $36,175,000 "
20117,13," $13,125,000 "
20149,31," $17,325,000 "
20161,30," $13,425,000 "
20201,15," $7,975,000 "
20041,29," $18,475,000 "
20111,46," $34,500,000 "
20037,23," $25,075,000 "
20205,5," $3,775,000 "
20021,58," $39,325,000 "
20207,16," $9,475,000 "
20133,31," $30,650,000 "
20073,2," $500,000 "
20049,1," $675,000 "
20125,21," $7,775,000 "
20099,14," $15,350,000 "
20017,1," $675,000 "
20127,11," $5,275,000 "
20115,18," $11,650,000 "
20015,130," $85,925,000 "
20079,13," $9,525,000 "
20143,19," $10,950,000 "
20029,2," $500,000 "
20157,19," $9,800,000 "
20183,3," $2,425,000 "
20089,19," $12,200,000 "
20027,18," $11,525,000 "
20147,12," $6,800,000 "
20173,1188," $949,750,000 "
20077,8," $4,925,000 "
20095,17," $12,150,000 "
20191,25," $12,175,000 "
20035,35," $20,000,000 "
20007,12," $5,525,000 "
20155,84," $60,125,000 "
20151,22," $15,400,000 "
20019,2," $1,350,000 "
20097,0, $-   
20033,2," $925,000 "
20047,8," $4,525,000 "
20113,73," $70,875,000 "
20025,12," $7,950,000 "
20169,127," $106,375,000 "
20105,6," $3,175,000 "
20123,2," $925,000 "
20053,9," $6,450,000 "
20009,6," $5,600,000 "
20159,44," $38,525,000 "
20141,8," $4,950,000 "
20167,10," $5,025,000 "
20165,6," $1,925,000 "
20135,9," $5,200,000 "
20051,56," $43,625,000 "
20195,1," $250,000 "
20145,4," $3,100,000 "
20083,69," $34,300,000 "
20185,65," $32,550,000 "
20057,4," $3,525,000 "
20063,4," $2,250,000 "
20137,10," $11,100,000 "
20065,12," $8,475,000 "
20163,9," $4,775,000 "
20039,4," $2,275,000 "
20153,7," $3,025,000 "
20193,28," $15,750,000 "
20023,4," $2,675,000 "
20109,18," $16,050,000 "
20181,8," $6,500,000 "
20179,0, $-   
20199,2," $925,000 "
20071,5," $2,925,000 "
20069,79," $46,200,000 "
20055,1," $675,000 "
20075,2," $925,000 "
20081,2," $1,350,000 "
20119,11," $6,925,000 "
20093,7," $7,100,000 "
20101,3," $2,025,000 "
20171,0, $-   
20187,11," $8,525,000 "
20067,22," $17,150,000 "
20175,39," $22,175,000 "
20203,0, $-   
20129,5," $2,525,000 "
20189,2," $500,000 "
31023,12," $7,225,000 "
31177,85," $54,300,000 "
31025,36," $19,550,000 "
31155,22," $17,050,000 "
31109,695," $449,000,000 "
31173,31," $35,075,000 "
31039,14," $5,200,000 "
31021,8," $2,850,000 "
31153,344," $221,925,000 "
31055,1488," $1,077,600,000 "
31053,117," $74,750,000 "
31043,31," $15,225,000 "
31179,3," $750,000 "
31159,48," $30,925,000 "
31131,22," $10,150,000 "
31097,3," $2,850,000 "
31067,30," $10,875,000 "
31095,16," $16,800,000 "
31169,1," $675,000 "
31127,6," $2,775,000 "
31143,81," $40,925,000 "
31185,27," $13,800,000 "
31081,19," $16,925,000 "
31059,14," $12,125,000 "
31133,1," $675,000 "
31129,5," $4,500,000 "
31151,8," $2,425,000 "
31147,7," $3,000,000 "
31035,11," $5,700,000 "
31141,10," $4,200,000 "
31037,9," $3,100,000 "
31011,13," $10,275,000 "
31183,1," $675,000 "
31125,3," $2,000,000 "
31077,2," $500,000 "
31121,11," $4,875,000 "
31167,7," $2,175,000 "
31003,12," $8,050,000 "
31175,0, $-   
31071,3," $4,000,000 "
31119,13," $5,775,000 "
31139,91," $40,900,000 "
31051,16," $11,875,000 "
31089,18," $6,625,000 "
31149,5," $2,100,000 "
31017,8," $3,275,000 "
31027,14," $3,500,000 "
31107,10," $4,625,000 "
31015,2," $925,000 "
31103,0, $-   
31079,165," $98,425,000 "
31093,68," $42,300,000 "
31019,83," $41,500,000 "
31041,21," $18,050,000 "
31115,0, $-   
31163,3," $750,000 "
31009,0, $-   
31113,1," $250,000 "
31047,44," $37,350,000 "
31137,20," $20,550,000 "
31099,52," $33,175,000 "
31073,10," $7,850,000 "
31001,4," $2,675,000 "
31083,2," $925,000 "
31065,6," $2,350,000 "
31181,3," $2,850,000 "
31061,0, $-   
31063,2," $2,175,000 "
31087,1," $250,000 "
31145,22," $11,275,000 "
31057,2," $925,000 "
31029,1," $250,000 "
31085,4," $2,675,000 "
31111,54," $25,650,000 "
31135,9," $10,425,000 "
31117,0, $-   
31101,11," $3,600,000 "
31005,0, $-   
31069,4," $2,250,000 "
31049,0, $-   
31123,5," $3,350,000 "
31105,0, $-   
31033,12," $12,800,000 "
31031,15," $8,775,000 "
31171,1," $675,000 "
31007,12," $5,100,000 "
31091,1," $250,000 "
31165,52," $36,775,000 "
31161,12," $6,350,000 "
31013,12," $10,350,000 "
31075,0, $-   
31157,25," $10,450,000 "
31045,4," $1,425,000 "
22051,1090," $700,850,000 "
22089,68," $50,525,000 "
22057,149," $143,250,000 "
22087,28," $14,575,000 "
22075,74," $40,250,000 "
22093,21," $21,950,000 "
22095,59," $44,825,000 "
22071,1112," $779,175,000 "
22007,31," $24,250,000 "
22109,297," $221,025,000 "
22099,158," $121,650,000 "
22101,121," $105,900,000 "
22005,171," $111,525,000 "
22105,158," $101,325,000 "
22063,128," $61,875,000 "
22103,534," $328,925,000 "
22091,22," $19,450,000 "
22117,31," $16,100,000 "
22055,705," $470,225,000 "
22113,203," $151,425,000 "
22097,64," $33,600,000 "
22045,37," $21,850,000 "
22001,69," $43,700,000 "
22039,117," $62,625,000 "
22053,57," $37,800,000 "
22003,0, $-   
22023,14," $6,025,000 "
22019,335," $220,100,000 "
22011,25," $13,300,000 "
22115,21," $11,475,000 "
22079,207," $119,575,000 "
22033,1174," $813,575,000 "
22121,64," $45,175,000 "
22125,15," $7,525,000 "
22077,25," $12,150,000 "
22047,40," $23,150,000 "
22037,45," $26,575,000 "
22061,14," $6,875,000 "
22027,16," $7,775,000 "
22013,57," $42,025,000 "
22069,46," $22,675,000 "
22017,198," $116,425,000 "
22015,508," $321,100,000 "
22119,14," $14,225,000 "
22081,6," $3,175,000 "
22031,10," $7,125,000 "
22127,22," $14,625,000 "
22085,23," $10,375,000 "
22073,348," $205,950,000 "
22083,10," $7,850,000 "
22041,19," $9,275,000 "
22067,28," $16,150,000 "
22111,1," $250,000 "
22049,89," $62,450,000 "
22065,1," $250,000 "
22123,18," $10,825,000 "
22035,14," $11,350,000 "
22107,2," $500,000 "
22029,20," $13,725,000 "
22009,40," $20,075,000 "
22025,9," $5,200,000 "
22059,14," $11,700,000 "
22043,4," $1,425,000 "
22021,6," $6,000,000 "
5079,30," $27,150,000 "
5069,62," $30,275,000 "
5053,26," $11,150,000 "
5025,0, $-   
5041,6," $3,600,000 "
5011,9," $5,500,000 "
5003,27," $13,825,000 "
5017,7," $4,700,000 "
5043,8," $4,925,000 "
5039,3," $2,425,000 "
5103,5," $4,925,000 "
5013,25," $15,850,000 "
5019,24," $14,725,000 "
5099,3," $1,600,000 "
5139,77," $44,875,000 "
5027,27," $18,700,000 "
5057,30," $20,400,000 "
5081,9," $5,200,000 "
5133,14," $7,600,000 "
5073,4," $2,250,000 "
5061,1," $675,000 "
5091,37," $18,900,000 "
5113,2," $1,350,000 "
5109,4," $1,000,000 "
5051,45," $29,425,000 "
5059,135," $72,375,000 "
5125,124," $68,250,000 "
5097,10," $4,200,000 "
5127,21," $15,225,000 "
5029,26," $16,900,000 "
5105,4," $2,250,000 "
5119,1037," $650,175,000 "
5001,11," $8,950,000 "
5067,3," $1,175,000 "
5147,32," $16,900,000 "
5085,45," $18,425,000 "
5145,85," $44,400,000 "
5141,2," $925,000 "
5117,34," $14,850,000 "
5063,18," $14,050,000 "
5123,9," $6,350,000 "
5095,12," $6,375,000 "
5045,157," $94,425,000 "
5149,8," $5,775,000 "
5137,16," $13,025,000 "
5023,21," $14,725,000 "
5115,97," $49,200,000 "
5107,14," $9,275,000 "
5037,2," $500,000 "
5035,53," $22,975,000 "
5093,33," $20,350,000 "
5077,19," $6,025,000 "
5111,13," $9,850,000 "
5055,50," $25,925,000 "
5031,205," $116,825,000 "
5075,11," $9,025,000 "
5021,6," $6,000,000 "
5121,11," $4,025,000 "
5135,2," $500,000 "
5065,54," $38,650,000 "
5049,1," $250,000 "
5005,58," $27,050,000 "
5015,18," $11,625,000 "
5009,4," $2,250,000 "
5101,7," $3,025,000 "
5089,57," $32,050,000 "
5129,5," $6,175,000 "
5087,202," $133,250,000 "
5143,227," $138,475,000 "
5007,422," $226,350,000 "
5047,14," $10,525,000 "
5071,20," $12,050,000 "
5083,9," $4,775,000 "
5131,262," $154,725,000 "
5033,77," $45,525,000 "
40015,13," $6,200,000 "
40087,126," $86,300,000 "
40051,63," $37,425,000 "
40109,1956," $1,271,000,000 "
40031,54," $28,525,000 "
40083,40," $17,600,000 "
40049,33," $22,675,000 "
40017,218," $134,075,000 "
40149,14," $6,875,000 "
40073,35," $27,375,000 "
40027,371," $219,850,000 "
40039,42," $18,125,000 "
40119,83," $39,525,000 "
40019,20," $11,625,000 "
40099,14," $12,625,000 "
40011,42," $33,300,000 "
40075,3," $2,425,000 "
40081,35," $22,925,000 "
40125,89," $59,575,000 "
40137,112," $56,750,000 "
40047,116," $67,325,000 "
40117,14," $8,550,000 "
40103,98," $59,725,000 "
48453,3706," $2,313,550,000 "
40095,22," $17,075,000 "
40069,60," $38,300,000 "
40085,82," $35,300,000 "
40005,4," $4,250,000 "
40067,1," $1,500,000 "
40013,54," $23,950,000 "
40065,26," $14,850,000 "
40055,3," $1,600,000 "
40141,6," $4,025,000 "
40033,7," $9,500,000 "
40057,4," $1,850,000 "
40009,39," $23,450,000 "
40129,9," $3,525,000 "
40043,10," $7,450,000 "
40003,4," $1,850,000 "
40151,17," $8,900,000 "
40093,20," $9,675,000 "
40053,7," $4,275,000 "
40153,62," $42,375,000 "
40045,8," $6,950,000 "
40059,4," $1,850,000 "
40007,12," $4,275,000 "
40139,19," $10,975,000 "
40025,3," $750,000 "
48421,20," $13,725,000 "
40113,46," $39,375,000 "
40147,33," $15,825,000 "
40105,36," $21,950,000 "
40145,72," $46,350,000 "
40143,1692," $1,156,525,000 "
40037,144," $83,625,000 "
40107,37," $21,325,000 "
40131,187," $133,975,000 "
40035,50," $37,750,000 "
40097,11," $4,450,000 "
40111,9," $3,100,000 "
40041,15," $7,975,000 "
40115,26," $17,725,000 "
40001,4," $4,675,000 "
40021,33," $15,850,000 "
40101,55," $27,525,000 "
40121,52," $34,175,000 "
40091,3," $1,175,000 "
40061,18," $11,550,000 "
40135,31," $15,200,000 "
40127,34," $16,800,000 "
40023,24," $11,025,000 "
40063,14," $8,525,000 "
40029,7," $3,875,000 "
40077,14," $7,275,000 "
40079,34," $21,350,000 "
40089,17," $8,450,000 "
40123,8," $2,000,000 "
40071,36," $18,725,000 "
40133,22," $11,400,000 "
48113,7406," $5,382,675,000 "
48085,2077," $1,492,900,000 "
48121,1188," $766,225,000 "
48181,163," $89,875,000 "
48439,3346," $2,175,175,000 "
48397,234," $115,500,000 "
48257,199," $94,225,000 "
48139,138," $71,625,000 "
48349,81," $55,275,000 "
48467,66," $30,725,000 "
48213,40," $17,600,000 "
48231,116," $71,275,000 "
48423,480," $289,950,000 "
48379,2," $500,000 "
48499,31," $17,850,000 "
48277,102," $60,025,000 "
48387,9," $4,800,000 "
48147,22," $12,975,000 "
48119,14," $5,200,000 "
48223,74," $44,400,000 "
48063,16," $7,800,000 "
48459,95," $55,500,000 "
48449,14," $4,775,000 "
48159,45," $33,900,000 "
48037,124," $77,825,000 "
48067,73," $47,875,000 "
48315,7," $4,275,000 "
48343,13," $8,625,000 "
48203,57," $35,100,000 "
48183,291," $161,500,000 "
48401,20," $9,225,000 "
48365,95," $56,650,000 "
48419,8," $4,100,000 "
48001,79," $40,575,000 "
48073,64," $42,100,000 "
48347,49," $26,875,000 "
48161,28," $21,425,000 "
48289,28," $29,150,000 "
48455,11," $5,700,000 "
48225,14," $6,450,000 "
48293,4," $2,675,000 "
48471,52," $26,800,000 "
48313,1," $250,000 "
48005,148," $73,875,000 "
48351,25," $12,050,000 "
48405,44," $29,950,000 "
48403,13," $4,925,000 "
48241,22," $17,450,000 "
48373,66," $40,925,000 "
48457,12," $5,100,000 "
48367,261," $169,300,000 "
48251,341," $192,175,000 "
48497,113," $67,300,000 "
48221,46," $29,200,000 "
48425,82," $53,525,000 "
48035,19," $16,300,000 "
48217,43," $22,750,000 "
48363,8," $2,425,000 "
48337,18," $11,200,000 "
48077,22," $9,750,000 "
48237,31," $19,725,000 "
48097,97," $59,025,000 "
48485,159," $82,400,000 "
48009,66," $46,150,000 "
48487,2," $3,750,000 "
48275,6," $5,675,000 "
48447,8," $4,100,000 "
48503,17," $10,975,000 "
48023,0, $-   
48155,11," $5,275,000 "
48207,1," $250,000 "
48143,97," $42,275,000 "
48429,32," $17,575,000 "
48417,70," $33,475,000 "
48093,10," $6,275,000 "
48049,36," $19,850,000 "
48133,26," $27,425,000 "
48193,7," $3,425,000 "
48059,74," $44,925,000 "
48333,15," $8,700,000 "
48083,13," $6,200,000 "
48027,279," $160,400,000 "
48331,44," $35,700,000 "
48491,775," $454,200,000 "
48145,25," $19,100,000 "
48099,16," $8,225,000 "
48281,10," $3,775,000 "
48309,419," $252,375,000 "
48053,90," $37,650,000 "
48051,5," $2,100,000 "
48287,8," $2,850,000 "
48395,35," $14,700,000 "
48319,7," $2,175,000 "
48399,6," $2,775,000 "
48307,0, $-   
48327,0, $-   
48299,49," $27,175,000 "
48411,5," $2,100,000 "
48095,4," $2,275,000 "
48267,0, $-   
48265,93," $49,425,000 "
48171,72," $31,000,000 "
48451,124," $62,250,000 "
48081,15," $9,600,000 "
48435,6," $4,025,000 "
48235,52," $30,475,000 "
48383,16," $9,050,000 "
48413,6," $3,600,000 "
48105,4," $1,425,000 "
48465,32," $13,500,000 "
48431,1," $250,000 "
48201,10225," $7,163,125,000 "
48157,1447," $913,225,000 "
48339,996," $581,025,000 "
48185,87," $53,000,000 "
48407,27," $10,975,000 "
48291,56," $35,675,000 "
48473,135," $71,325,000 "
48199,46," $31,050,000 "
48321,28," $18,975,000 "
48089,13," $6,625,000 "
48015,110," $56,025,000 "
48481,68," $32,400,000 "
48039,332," $179,475,000 "
48477,13," $4,100,000 "
48239,35," $27,450,000 "
48057,8," $2,425,000 "
48167,551," $294,450,000 "
48071,146," $99,950,000 "
48361,68," $51,575,000 "
48245,521," $348,325,000 "
48041,313," $190,000,000 "
48149,98," $55,450,000 "
48469,174," $84,225,000 "
48175,27," $16,425,000 "
48391,11," $8,200,000 "
48177,26," $12,700,000 "
48123,46," $39,525,000 "
48285,34," $28,125,000 "
48283,1," $675,000 "
48013,59," $37,150,000 "
48029,3095," $2,057,175,000 "
48325,46," $25,300,000 "
48019,19," $14,200,000 "
48259,8," $4,950,000 "
48163,7," $2,600,000 "
48091,168," $94,700,000 "
48311,0, $-   
48297,40," $20,000,000 "
48031,47," $28,975,000 "
48479,367," $178,925,000 "
48507,19," $13,125,000 "
48255,2," $925,000 "
48493,67," $33,500,000 "
48505,8," $5,350,000 "
48025,28," $20,675,000 "
48187,408," $212,200,000 "
48209,281," $163,650,000 "
48355,583," $314,650,000 "
48249,51," $45,350,000 "
48131,67," $67,200,000 "
48409,44," $26,450,000 "
48007,46," $21,225,000 "
48261,1," $250,000 "
48047,2," $3,750,000 "
48247,19," $8,125,000 "
48427,1," $250,000 "
48273,0, $-   
48215,840," $454,650,000 "
48061,275," $129,600,000 "
48489,86," $38,700,000 "
48021,59," $31,500,000 "
48055,73," $43,525,000 "
48463,6," $4,025,000 "
48385,34," $16,400,000 "
48127,6," $3,600,000 "
48137,0, $-   
48271,0, $-   
48443,0, $-   
48323,35," $15,800,000 "
48359,3," $1,175,000 "
48117,23," $8,300,000 "
48179,9," $8,875,000 "
48483,10," $3,775,000 "
48357,0, $-   
48295,37," $20,600,000 "
48233,31," $31,175,000 "
48369,16," $8,200,000 "
48211,14," $8,450,000 "
48375,278," $183,000,000 "
48341,4," $1,850,000 "
48381,210," $105,475,000 "
48205,2," $1,750,000 "
48011,3," $750,000 "
48189,45," $29,025,000 "
48111,47," $22,600,000 "
48069,53," $33,375,000 "
48279,29," $14,850,000 "
48017,27," $10,150,000 "
48065,6," $5,175,000 "
48195,2," $1,750,000 "
48437,6," $2,350,000 "
48129,0, $-   
48087,5," $2,525,000 "
48393,23," $11,650,000 "
48045,1," $250,000 "
48075,1," $675,000 "
48191,0, $-   
48101,0, $-   
48345,1," $3,500,000 "
48125,1," $250,000 "
48153,7," $3,025,000 "
48197,1," $675,000 "
48107,9," $6,775,000 "
48269,0, $-   
48303,550," $353,425,000 "
48219,13," $8,275,000 "
48079,34," $34,700,000 "
48445,15," $7,950,000 "
48501,4," $1,000,000 "
48165,51," $32,575,000 "
48169,0, $-   
48033,2," $925,000 "
48305,98," $62,150,000 "
48115,2," $925,000 "
48317,105," $55,175,000 "
48253,19," $12,625,000 "
48433,4," $3,100,000 "
48353,0, $-   
48441,132," $67,500,000 "
48227,3," $4,425,000 "
48415,3," $750,000 "
48335,4," $4,675,000 "
48263,34," $22,300,000 "
48151,14," $14,625,000 "
48329,633," $480,600,000 "
48135,369," $221,500,000 "
48003,62," $48,725,000 "
48389,24," $9,375,000 "
48475,43," $22,100,000 "
48173,38," $22,350,000 "
48371,21," $9,075,000 "
48103,54," $42,225,000 "
48243,2," $925,000 "
48495,11," $5,300,000 "
48461,11," $6,125,000 "
48301,0, $-   
48141,888," $501,675,000 "
48043,10," $4,200,000 "
48229,28," $9,550,000 "
48377,3," $1,600,000 "
48109,1," $250,000 "
8059,1177," $732,775,000 "
8001,1011," $688,200,000 "
8031,2676," $1,889,925,000 "
8005,1796," $1,166,200,000 "
8035,357," $195,500,000 "
8013,1164," $747,175,000 "
8014,100," $58,900,000 "
8039,143," $60,900,000 "
8041,1183," $731,400,000 "
8119,8," $5,350,000 "
8047,1," $675,000 "
8093,7," $4,275,000 "
8049,30," $12,025,000 "
8037,295," $148,175,000 "
8117,89," $47,075,000 "
8107,127," $53,575,000 "
8065,9," $3,525,000 "
8069,551," $319,650,000 "
8057,0, $-   
8019,42," $26,675,000 "
8123,968," $587,950,000 "
8087,38," $17,950,000 "
8075,28," $16,575,000 "
8121,11," $5,675,000 "
8095,10," $5,000,000 "
8115,2," $1,350,000 "
8125,18," $10,400,000 "
8017,6," $4,450,000 "
8073,7," $3,425,000 "
8063,21," $10,300,000 "
8101,187," $102,400,000 "
8043,31," $16,175,000 "
8071,12," $7,525,000 "
8061,3," $1,600,000 "
8009,2," $3,750,000 "
8089,22," $17,075,000 "
8025,3," $750,000 "
8055,2," $3,750,000 "
8099,2," $925,000 "
8011,17," $9,175,000 "
8027,4," $2,275,000 "
8003,16," $6,950,000 "
8021,32," $20,000,000 "
8007,19," $18,925,000 "
8067,37," $27,925,000 "
8023,2," $925,000 "
8105,6," $3,175,000 "
8109,27," $12,125,000 "
8053,15," $10,350,000 "
8079,2," $500,000 "
8015,21," $8,200,000 "
8051,23," $7,850,000 "
8085,81," $43,650,000 "
8111,106," $54,800,000 "
8033,0, $-   
8083,41," $27,950,000 "
8113,45," $18,025,000 "
8091,8," $2,425,000 "
8029,23," $12,375,000 "
8077,307," $187,625,000 "
8045,94," $49,900,000 "
8081,0, $-   
8097,180," $85,125,000 "
8103,26," $17,325,000 "
56021,200," $106,350,000 "
56001,52," $36,025,000 "
56007,16," $10,200,000 "
56029,53," $28,525,000 "
56039,183," $80,800,000 "
56031,0, $-   
56015,9," $3,925,000 "
56027,3," $1,600,000 "
56009,37," $25,400,000 "
56013,67," $43,350,000 "
56037,100," $46,525,000 "
56043,0, $-   
56003,17," $11,700,000 "
56017,24," $13,575,000 "
56025,225," $126,925,000 "
56019,16," $8,950,000 "
56045,20," $12,900,000 "
56011,4," $2,250,000 "
56005,136," $88,100,000 "
56033,110," $54,750,000 "
56035,22," $11,425,000 "
56041,39," $35,125,000 "
56023,27," $20,650,000 "
16005,66," $26,625,000 "
16011,83," $46,600,000 "
16077,17," $7,625,000 "
16031,100," $66,275,000 "
16023,1," $675,000 "
16029,6," $5,175,000 "
16007,2," $500,000 "
16037,4," $1,000,000 "
16059,8," $6,100,000 "
16041,11," $9,775,000 "
16071,7," $4,275,000 "
16019,331," $166,725,000 "
16083,28," $21,725,000 "
16053,171," $100,950,000 "
16073,10," $8,275,000 "
16013,90," $39,250,000 "
16047,32," $16,750,000 "
16067,18," $10,700,000 "
16025,2," $500,000 "
16063,27," $16,225,000 "
16039,50," $29,625,000 "
16051,9," $3,100,000 "
16043,72," $32,825,000 "
16081,15," $6,275,000 "
16065,17," $8,875,000 "
16033,2," $500,000 "
16069,82," $53,625,000 "
16035,14," $9,700,000 "
16061,1," $250,000 "
16049,28," $15,700,000 "
16057,51," $26,150,000 "
16003,10," $7,025,000 "
16015,2," $500,000 "
16027,158," $88,225,000 "
16045,16," $9,375,000 "
16075,80," $41,275,000 "
16087,7," $3,850,000 "
16085,4," $2,250,000 "
16001,1176," $769,950,000 "
16017,74," $46,000,000 "
16055,368," $216,775,000 "
16079,20," $12,900,000 "
16021,15," $7,125,000 "
16009,12," $7,925,000 "
49013,51," $25,650,000 "
49049,1133," $743,900,000 "
49035,2970," $2,016,275,000 "
49047,77," $42,825,000 "
49011,738," $478,075,000 "
49043,92," $43,425,000 "
49029,24," $10,650,000 "
49045,41," $17,000,000 "
49009,2," $925,000 "
49033,1," $250,000 "
49051,211," $139,625,000 "
49057,360," $209,900,000 "
49003,65," $55,700,000 "
49005,213," $129,075,000 "
49007,8," $2,425,000 "
49015,33," $19,800,000 "
49037,47," $30,675,000 "
49019,0, $-   
49041,46," $29,225,000 "
49039,33," $14,525,000 "
49027,13," $10,325,000 "
49023,26," $18,475,000 "
49025,10," $9,850,000 "
49017,5," $4,500,000 "
49031,1," $250,000 "
49001,10," $5,450,000 "
49021,89," $35,225,000 "
49055,8," $4,525,000 "
49053,368," $177,425,000 "
4013,8379," $5,408,350,000 "
4021,228," $128,300,000 "
4007,33," $19,800,000 "
4019,1268," $762,800,000 "
4012,11," $9,675,000 "
4027,222," $129,200,000 "
4015,219," $114,725,000 "
4009,45," $29,500,000 "
4011,3," $3,250,000 "
4003,67," $42,725,000 "
4023,81," $42,400,000 "
4001,33," $26,650,000 "
4017,41," $27,900,000 "
4005,227," $121,100,000 "
35043,65," $40,700,000 "
35061,32," $15,575,000 "
35053,15," $5,025,000 "
35006,6," $6,025,000 "
35001,1253," $768,325,000 "
35057,6," $2,350,000 "
35049,298," $144,100,000 "
35039,9," $6,450,000 "
35031,65," $45,475,000 "
35045,175," $134,325,000 "
35028,23," $21,700,000 "
35055,44," $24,250,000 "
35047,21," $9,475,000 "
35051,12," $9,175,000 "
35007,16," $9,775,000 "
35019,3," $1,600,000 "
35033,3," $1,600,000 "
35021,0, $-   
35003,0, $-   
35017,21," $19,550,000 "
35013,266," $130,875,000 "
35023,2," $1,750,000 "
35029,16," $6,125,000 "
35035,49," $20,300,000 "
35009,0, $-   
35041,93," $43,100,000 "
35037,3," $750,000 "
35025,198," $135,575,000 "
35005,103," $59,325,000 "
35011,2," $500,000 "
35015,175," $124,475,000 "
35027,18," $7,850,000 "
35059,4," $1,850,000 "
32017,4," $1,425,000 "
32003,3814," $2,370,300,000 "
32023,27," $16,425,000 "
32009,1," $250,000 "
32033,17," $8,775,000 "
32015,0, $-   
32011,5," $2,500,000 "
32031,1092," $632,450,000 "
32019,51," $34,125,000 "
32029,6," $2,350,000 "
32013,1," $250,000 "
32027,21," $9,050,000 "
32001,2," $1,750,000 "
32005,62," $40,525,000 "
32021,2," $1,750,000 "
32510,208," $130,100,000 "
32007,77," $40,200,000 "
6037,23402," $15,311,525,000 "
6111,1928," $1,167,000,000 "
6059,9684," $6,640,550,000 "
6071,2524," $1,538,700,000 "
6065,3561," $2,173,550,000 "
6073,7537," $4,942,375,000 "
6025,198," $107,825,000 "
6027,33," $18,450,000 "
6083,1039," $603,325,000 "
6107,671," $403,575,000 "
6031,292," $154,500,000 "
6029,1202," $756,875,000 "
6053,971," $698,400,000 "
6019,1735," $1,087,875,000 "
6079,881," $505,300,000 "
6051,34," $18,375,000 "
6043,15," $5,450,000 "
6039,203," $128,150,000 "
6047,315," $176,875,000 "
6069,101," $57,750,000 "
6081,2335," $1,654,650,000 "
6075,3800," $2,891,250,000 "
6085,4605," $3,114,325,000 "
6087,482," $270,325,000 "
6001,4186," $3,071,200,000 "
6095,510," $356,100,000 "
6055,504," $302,725,000 "
6013,2615," $1,851,000,000 "
6097,1644," $1,026,425,000 "
6099,807," $511,450,000 "
6067,2548," $1,702,975,000 "
6041,1132," $694,675,000 "
6077,1171," $744,250,000 "
6009,69," $35,225,000 "
6003,0, $-   
6109,72," $36,225,000 "
6045,139," $87,425,000 "
6033,65," $35,100,000 "
6023,241," $139,500,000 "
6105,8," $3,250,000 "
6015,26," $9,450,000 "
6093,49," $25,325,000 "
6005,39," $12,275,000 "
6057,143," $72,025,000 "
6061,941," $568,625,000 "
6113,308," $190,900,000 "
6017,321," $208,775,000 "
6101,183," $106,450,000 "
6011,75," $66,250,000 "
6115,45," $23,800,000 "
6007,298," $172,025,000 "
6091,2," $500,000 "
6021,38," $22,525,000 "
6063,28," $20,625,000 "
6103,201," $125,675,000 "
6089,335," $195,375,000 "
6049,9," $5,200,000 "
6035,20," $11,300,000 "
15003,2296," $1,503,375,000 "
15007,173," $95,000,000 "
15001,332," $184,825,000 "
15009,426," $232,800,000 "
15005,0, $-   
60010,19," $6,875,000 "
66010,296," $155,000,000 "
69110,54," $28,550,000 "
69100,1," $250,000 "
69120,0, $-   
41065,46," $23,600,000 "
41047,637," $380,125,000 "
41005,937," $555,875,000 "
41067,937," $611,700,000 "
41051,3041," $2,150,050,000 "
41027,89," $54,250,000 "
41009,48," $29,050,000 "
41007,88," $40,075,000 "
41055,2," $2,175,000 "
41053,79," $47,075,000 "
41071,120," $63,075,000 "
41057,34," $22,725,000 "
41003,123," $67,200,000 "
41043,282," $155,300,000 "
41041,67," $32,975,000 "
41039,766," $498,050,000 "
41015,20," $12,050,000 "
41011,102," $68,425,000 "
41019,191," $128,950,000 "
41033,121," $73,425,000 "
41029,478," $260,175,000 "
41035,90," $44,775,000 "
41037,5," $8,925,000 "
41017,276," $133,975,000 "
41013,278," $143,150,000 "
41025,9," $7,625,000 "
41031,35," $18,325,000 "
41069,0, $-   
41059,54," $40,600,000 "
41021,1," $250,000 "
41001,4," $4,675,000 "
41061,53," $27,450,000 "
41023,7," $5,850,000 "
41049,85," $42,575,000 "
41063,11," $6,125,000 "
41045,36," $17,775,000 "
53033,6425," $4,639,750,000 "
53061,1547," $947,825,000 "
53053,1365," $897,400,000 "
53035,346," $180,125,000 "
53037,161," $77,525,000 "
53073,516," $328,000,000 "
53055,42," $17,225,000 "
53057,330," $196,075,000 "
53029,65," $30,775,000 "
53041,84," $55,400,000 "
53009,61," $25,375,000 "
53045,123," $66,450,000 "
53031,84," $44,400,000 "
53067,451," $227,050,000 "
53027,74," $51,825,000 "
53049,30," $17,825,000 "
53015,169," $111,925,000 "
53011,968," $624,450,000 "
53039,60," $50,375,000 "
53059,33," $19,825,000 "
53069,4," $2,275,000 "
53007,183," $112,125,000 "
53017,80," $45,900,000 "
53047,60," $38,100,000 "
53025,202," $110,975,000 "
53001,13," $7,850,000 "
53043,11," $8,125,000 "
53077,371," $240,700,000 "
53005,395," $232,875,000 "
53063,1051," $678,125,000 "
53075,77," $36,850,000 "
53065,40," $23,350,000 "
53051,22," $15,775,000 "
53019,3," $2,000,000 "
53013,6," $5,175,000 "
53021,177," $96,175,000 "
53071,92," $40,600,000 "
53023,0, $-   
53003,3," $1,600,000 "
2020,946," $643,775,000 "
2050,4," $1,425,000 "
2016,4," $1,425,000 "
2164,3," $750,000 "
2150,15," $7,525,000 "
2013,0, $-   
2270,1," $250,000 "
2070,5," $1,675,000 "
2122,86," $48,425,000 "
2290,0, $-   
2261,18," $9,950,000 "
2060,3," $1,600,000 "
2170,163," $89,975,000 "
2180,4," $7,500,000 "
2282,2," $925,000 "
2090,202," $109,650,000 "
2185,5," $13,000,000 "
2188,3," $1,175,000 "
2068,2," $925,000 "
2240,7," $2,175,000 "
2110,93," $47,175,000 "
2105,2," $925,000 "
2100,3," $750,000 "
2195,7," $3,850,000 "
2220,18," $12,700,000 "
2230,8," $2,850,000 "
2130,35," $19,600,000 "
2275,1," $250,000 "
2198,7," $2,600,000 "
